{
    "Tópico 0": {
        "pueblo": 0.008733014576137066,
        "méxico": 0.008594262413680553,
        "mil": 0.007422517519444227,
        "gobierno": 0.006649968679994345,
        "decir": 0.00636973837390542,
        "gente": 0.006368738133460283,
        "millón": 0.0061586108058691025,
        "ayudar": 0.006064981687813997,
        "hablar": 0.0051978519186377525,
        "caso": 0.004988495260477066
    },
    "Tópico 1": {
        "pueblo": 0.0002495050139259547,
        "mil": 0.00024658249458298087,
        "decir": 0.00022929573606234044,
        "méxico": 0.00022735980746801943,
        "millón": 0.0002239396417280659,
        "hablar": 0.00022358311980497092,
        "seguir": 0.00021728013234678656,
        "gente": 0.00021394177747424692,
        "país": 0.00021351077884901315,
        "querer": 0.00021169293904677033
    },
    "Tópico 2": {
        "méxico": 0.0002759249764494598,
        "decir": 0.0002698147436603904,
        "pueblo": 0.00026785171939991415,
        "mil": 0.00026293733390048146,
        "gobierno": 0.000258304993622005,
        "gente": 0.0002577073173597455,
        "ayudar": 0.0002569241332821548,
        "hablar": 0.0002510571212042123,
        "millón": 0.0002389999572187662,
        "tiempo": 0.00023086258443072438
    },
    "Tópico 3": {
        "pueblo": 0.00026518446975387633,
        "mil": 0.00024719894281588495,
        "méxico": 0.00024077142006717622,
        "gente": 0.00023787061218172312,
        "gobierno": 0.00023111436166800559,
        "millón": 0.00022928357066120952,
        "país": 0.00022738115512765944,
        "decir": 0.00022531683498527855,
        "caso": 0.0002218873705714941,
        "seguir": 0.00022060897026676685
    },
    "Tópico 4": {
        "mil": 0.0003085279604420066,
        "gobierno": 0.00030696095200255513,
        "pueblo": 0.0003022784076165408,
        "gente": 0.00028385312180034816,
        "méxico": 0.00028153968742117286,
        "ayudar": 0.0002737143950071186,
        "decir": 0.00026540111866779625,
        "millón": 0.0002610383089631796,
        "seguir": 0.0002598791616037488,
        "caso": 0.0002589576179161668
    },
    "Tópico 5": {
        "pueblo": 0.00032974249916151166,
        "méxico": 0.0002761275682132691,
        "gobierno": 0.0002663767081685364,
        "mil": 0.0002610684896353632,
        "millón": 0.000257225357927382,
        "hablar": 0.00024412885250058025,
        "país": 0.00023770258121658117,
        "gente": 0.0002349626156501472,
        "médico": 0.00023429206339642406,
        "decir": 0.00023278690059669316
    },
    "Tópico 6": {
        "méxico": 0.00030829946626909077,
        "gente": 0.0002932597999460995,
        "pueblo": 0.0002900020335800946,
        "decir": 0.00028882178594358265,
        "país": 0.0002818582870531827,
        "ayudar": 0.000278943422017619,
        "mil": 0.00027753799804486334,
        "gobierno": 0.00026933045592159033,
        "millón": 0.00026007802807725966,
        "querer": 0.00025912970886565745
    },
    "Tópico 7": {
        "pueblo": 0.0004496142501011491,
        "méxico": 0.0004039165214635432,
        "gobierno": 0.00036474052467383444,
        "mil": 0.00036408985033631325,
        "millón": 0.0003599824558477849,
        "hablar": 0.0003544684441294521,
        "gente": 0.0003502261533867568,
        "ayudar": 0.00032643391750752926,
        "decir": 0.0003193034790456295,
        "tiempo": 0.00031766784377396107
    },
    "Tópico 8": {
        "ayudar": 0.0002230824757134542,
        "querer": 0.0002223679330199957,
        "mil": 0.00022103784431237727,
        "méxico": 0.0002200348098995164,
        "pueblo": 0.00021650057169608772,
        "tiempo": 0.0002164150500902906,
        "crédito": 0.00021157549053896219,
        "millón": 0.00021140658645890653,
        "gobierno": 0.00021030224161222577,
        "gente": 0.00020738271996378899
    },
    "Tópico 9": {
        "gente": 0.00022828490182291716,
        "méxico": 0.00022727681789547205,
        "pueblo": 0.00022626877762377262,
        "mil": 0.00022080415510572493,
        "hablar": 0.0002172452659578994,
        "crédito": 0.00021446988102979958,
        "gobierno": 0.0002140491851605475,
        "tiempo": 0.00021074672986287624,
        "ayudar": 0.0002099041739711538,
        "decir": 0.00020463913097046316
    }
}