{
    "Tópico 0": {
        " ": 0.0006642008083872497,
        "méxico": 0.00023631623480468988,
        "pueblo": 0.0002079183468595147,
        "decir": 0.00019510799029376358,
        "presidente": 0.0001897636684589088,
        "gobierno": 0.00018816774536389858,
        "tiempo": 0.0001877007307484746,
        "hablar": 0.00018655523308552802,
        "país": 0.00018573504348751158,
        "querer": 0.000183782511157915
    },
    "Tópico 1": {
        " ": 0.03484904393553734,
        "méxico": 0.008672057650983334,
        "pueblo": 0.0069116465747356415,
        "presidente": 0.005431198049336672,
        "decir": 0.005348380655050278,
        "país": 0.004855355713516474,
        "gobierno": 0.0047235810197889805,
        "querer": 0.004640831612050533,
        "mil": 0.0045102424919605255,
        "hablar": 0.004344919230788946
    },
    "Tópico 2": {
        " ": 0.0005167985218577087,
        "méxico": 0.00021984388877172023,
        "pueblo": 0.0002097559190588072,
        "gobierno": 0.00019801055896095932,
        "presidente": 0.0001846468512667343,
        "mil": 0.00017974531510844827,
        "querer": 0.00017447063873987645,
        "millón": 0.00017418085190001875,
        "gente": 0.00017218873836100101,
        "pasar": 0.00016674130165483803
    },
    "Tópico 3": {
        " ": 0.0004318276478443295,
        "pueblo": 0.00021414269576780498,
        "méxico": 0.00020474324992392212,
        "decir": 0.00017716470756568015,
        "presidente": 0.0001736330596031621,
        "país": 0.00016687301103956997,
        "gobierno": 0.00016453325224574655,
        "querer": 0.00016189277812372893,
        "pasar": 0.0001605730503797531,
        "mil": 0.0001566846767673269
    },
    "Tópico 4": {
        " ": 0.0004987491993233562,
        "méxico": 0.00022890362015459687,
        "presidente": 0.00020471982134040445,
        "querer": 0.00019578890351112932,
        "país": 0.00019056462042499334,
        "pueblo": 0.00018795477808453143,
        "decir": 0.000182963878614828,
        "gobierno": 0.00017730132094584405,
        "tiempo": 0.00017610652139410377,
        "gente": 0.0001736093545332551
    },
    "Tópico 5": {
        " ": 0.000518531072884798,
        "méxico": 0.00020878405484836549,
        "pueblo": 0.00018251831352245063,
        "presidente": 0.00017365951498504728,
        "decir": 0.0001722692250041291,
        "querer": 0.00016889683320187032,
        "pasar": 0.0001646524469833821,
        "gente": 0.00016379753651563078,
        "hablar": 0.00016261178825516254,
        "caso": 0.00016242300625890493
    },
    "Tópico 6": {
        " ": 0.00039889401523396373,
        "méxico": 0.0001900176575873047,
        "pueblo": 0.00016811012756079435,
        "ver": 0.0001594019850017503,
        "decir": 0.00015886362234596163,
        "presidente": 0.0001559601805638522,
        "hablar": 0.0001555931376060471,
        "mil": 0.00015369955508504063,
        "gobierno": 0.00015313569747377187,
        "querer": 0.00015016183897387236
    },
    "Tópico 7": {
        " ": 0.0007013799622654915,
        "méxico": 0.0002858103543985635,
        "pueblo": 0.000258196669165045,
        "decir": 0.00025513212312944233,
        "querer": 0.0002174319961341098,
        "hablar": 0.00020370959828142077,
        "tiempo": 0.0002002104592975229,
        "presidente": 0.00019870720279868692,
        "ver": 0.00019301666179671884,
        "país": 0.00019234056526329368
    },
    "Tópico 8": {
        " ": 0.0006104072672314942,
        "pueblo": 0.00019810131925623864,
        "méxico": 0.00019636418437585235,
        "país": 0.00018956449639517814,
        "ver": 0.00018556967552285641,
        "decir": 0.00018436949176248163,
        "presidente": 0.00017665736959315836,
        "querer": 0.0001750353694660589,
        "hablar": 0.0001731452066451311,
        "millón": 0.0001672541256994009
    },
    "Tópico 9": {
        " ": 0.0005725210648961365,
        "méxico": 0.0002521763672120869,
        "pueblo": 0.00019648828310891986,
        "hablar": 0.00017961289267987013,
        "presidente": 0.00017826461407821625,
        "país": 0.00017642637249082327,
        "gobierno": 0.00017472193576395512,
        "decir": 0.00017466716235503554,
        "tiempo": 0.00017113026115112007,
        "gente": 0.00017031833704095334
    }
}