{
    "Tópico 0": {
        "pueblo": 0.006372059229761362,
        "ver": 0.004936189390718937,
        "país": 0.004683639854192734,
        "mil": 0.004672958981245756,
        "decir": 0.004659379366785288,
        "gente": 0.004426866304129362,
        " ": 0.004256859887391329,
        "empresa": 0.004084411077201366,
        "méxico": 0.003852031659334898,
        "año": 0.0036865067668259144
    },
    "Tópico 1": {
        "mil": 0.00024084981123451144,
        "decir": 0.00023940570827107877,
        "pueblo": 0.00023144566512200981,
        "hablar": 0.00022856031137052923,
        "méxico": 0.0002223645569756627,
        "gente": 0.00022093251754995435,
        "gobierno": 0.00021898387058172375,
        "empresa": 0.00021605593792628497,
        " ": 0.0002099458361044526,
        "ver": 0.00020798062905669212
    },
    "Tópico 2": {
        "pueblo": 0.00023167692415881902,
        "méxico": 0.00023107626475393772,
        "empresa": 0.000218431101529859,
        "decir": 0.00021656451281160116,
        "gente": 0.0002149812353309244,
        "mil": 0.00021398770331870764,
        " ": 0.0002061837149085477,
        "querer": 0.00020527745073195547,
        "caso": 0.0002027095470111817,
        "gobierno": 0.00020179111743345857
    },
    "Tópico 3": {
        "empresa": 0.00021031040523666888,
        "gente": 0.00021018889674451202,
        "méxico": 0.0002075383235933259,
        "millón": 0.00020261308236513287,
        "gobierno": 0.00020205254259053618,
        "decir": 0.00019977003103122115,
        "mil": 0.00019920681370422244,
        "país": 0.00019908614922314882,
        "pueblo": 0.00019845065253321081,
        "hablar": 0.00019801831513177603
    },
    "Tópico 4": {
        "pueblo": 0.006594592239707708,
        "empresa": 0.006316937040537596,
        "méxico": 0.0063132853247225285,
        "mil": 0.006256876979023218,
        "gente": 0.005667896009981632,
        "hablar": 0.005107357166707516,
        " ": 0.004997610580176115,
        "decir": 0.004921898245811462,
        "país": 0.0045438501983881,
        "caso": 0.0045282598584890366
    },
    "Tópico 5": {
        "méxico": 0.00043804958113469183,
        "pueblo": 0.0004180398827884346,
        "decir": 0.00041413280996493995,
        "mil": 0.00041168677853420377,
        "empresa": 0.00040661628008820117,
        "millón": 0.00038083051913417876,
        "país": 0.00037396379048004746,
        "gobierno": 0.00034458402660675347,
        "gente": 0.00034354079980403185,
        "querer": 0.0003380384878255427
    },
    "Tópico 6": {
        "gente": 0.00022366995108313859,
        "mil": 0.00021813888452015817,
        "pueblo": 0.00021508651843760163,
        "empresa": 0.0002104575833072886,
        "méxico": 0.00021006428869441152,
        "país": 0.0002074481890304014,
        "querer": 0.0002024812129093334,
        "caso": 0.00019927651737816632,
        "decir": 0.0001990334567381069,
        " ": 0.00019817826978396624
    },
    "Tópico 7": {
        "mil": 0.00022840441670268774,
        "gente": 0.0002221585309598595,
        "méxico": 0.00021778866357635707,
        "pueblo": 0.00021731171000283211,
        "ver": 0.00021590864344034344,
        "hablar": 0.00021292647579684854,
        "empresa": 0.000210493803024292,
        " ": 0.00020482565741986036,
        "caso": 0.0002025481517193839,
        "tener": 0.00020101881818845868
    },
    "Tópico 8": {
        "pueblo": 0.00021275415201671422,
        "hablar": 0.0002041928964899853,
        "decir": 0.00020297177252359688,
        "méxico": 0.00020199159916955978,
        "gente": 0.0001991995086427778,
        "millón": 0.00019777558918576688,
        "país": 0.0001953596220118925,
        " ": 0.0001926271797856316,
        "querer": 0.0001923090749187395,
        "mil": 0.00019014705321751535
    },
    "Tópico 9": {
        "pueblo": 0.0002282921486767009,
        "gente": 0.00021641640341840684,
        "méxico": 0.00021545046183746308,
        "mil": 0.00021457702678162605,
        "hablar": 0.00020922289695590734,
        "empresa": 0.00020837933698203415,
        "decir": 0.00020726201182696968,
        "gobierno": 0.00020599382696673274,
        " ": 0.00020429061260074377,
        "millón": 0.00020092129125259817
    }
}