{
    "Tópico 0": {
        " ": 0.0002871796896215528,
        "pueblo": 0.0002457893860992044,
        "mil": 0.00022613479814026505,
        "méxico": 0.00022515792807098478,
        "gobierno": 0.0002188596554333344,
        "gente": 0.00021633268625009805,
        "país": 0.00021240311616566032,
        "trabajador": 0.00020862535166088492,
        "tiempo": 0.00020682066679000854,
        "hablar": 0.0002051202900474891
    },
    "Tópico 1": {
        " ": 0.00027761716046370566,
        "pueblo": 0.00025519871269352734,
        "mil": 0.00023343358770944178,
        "país": 0.0002330444986000657,
        "gobierno": 0.00023134694492910057,
        "caso": 0.00023032761237118393,
        "gente": 0.00021837536769453436,
        "méxico": 0.00021687368280254304,
        "presidente": 0.00021117457072250545,
        "informar": 0.00021083067986182868
    },
    "Tópico 2": {
        "pueblo": 0.0004902688087895513,
        " ": 0.0004077132325619459,
        "caso": 0.0003006600891239941,
        "gobierno": 0.0002937376848421991,
        "méxico": 0.00028051104163751006,
        "millón": 0.00027329259319230914,
        "vacuna": 0.0002732053108047694,
        "decir": 0.0002719959884416312,
        "seguir": 0.00026658581919036806,
        "país": 0.0002640541933942586
    },
    "Tópico 3": {
        " ": 0.0002499757974874228,
        "pueblo": 0.00023088559100870043,
        "caso": 0.00021268444834277034,
        "méxico": 0.0002116500836564228,
        "tiempo": 0.00020933889027219266,
        "gobierno": 0.00020915491040796041,
        "hablar": 0.00020882008539047092,
        "país": 0.00020546068844851106,
        "ayudar": 0.00020237715216353536,
        "presidente": 0.0002021089312620461
    },
    "Tópico 4": {
        "pueblo": 0.00025971661671064794,
        " ": 0.0002535623498260975,
        "vacuna": 0.00022172677563503385,
        "caso": 0.00021937630663160235,
        "país": 0.00021935644326731563,
        "mil": 0.00021680329518858343,
        "gobierno": 0.0002084935549646616,
        "tiempo": 0.00020656613924074918,
        "hablar": 0.00020328919345047325,
        "presidente": 0.00020209551439620554
    },
    "Tópico 5": {
        " ": 0.00027403223793953657,
        "pueblo": 0.000249856268055737,
        "méxico": 0.0002249798853881657,
        "país": 0.0002163617464248091,
        "año": 0.00021624035434797406,
        "tiempo": 0.00021124193153809756,
        "vacuna": 0.00020770865376107395,
        "gobierno": 0.00020693463739007711,
        "caso": 0.00020602595759555697,
        "asunto": 0.00020485477580223233
    },
    "Tópico 6": {
        "pueblo": 0.0002779923379421234,
        " ": 0.00024881624267436564,
        "mil": 0.00021930017101112753,
        "informar": 0.00020994961960241199,
        "tener": 0.0002082054124912247,
        "gobierno": 0.00020787813991773874,
        "gente": 0.0002068834874080494,
        "caso": 0.0002036184014286846,
        "tiempo": 0.00020343202049843967,
        "hablar": 0.00020341204071883112
    },
    "Tópico 7": {
        " ": 0.009305514395236969,
        "pueblo": 0.008553617633879185,
        "mil": 0.005462237633764744,
        "gobierno": 0.005370662081986666,
        "méxico": 0.005280048120766878,
        "caso": 0.004983643069863319,
        "país": 0.004915391094982624,
        "gente": 0.004346896894276142,
        "tiempo": 0.004278539214283228,
        "vacuna": 0.004187364596873522
    },
    "Tópico 8": {
        " ": 0.0002651926188264042,
        "pueblo": 0.00024003375438041985,
        "mil": 0.00022643980628345162,
        "gobierno": 0.00021670489513780922,
        "gente": 0.00021302924142219126,
        "méxico": 0.000209127611014992,
        "país": 0.00020818127086386085,
        "año": 0.00020748244423884898,
        "seguir": 0.00020628704805858433,
        "querer": 0.00020535358635243028
    },
    "Tópico 9": {
        "pueblo": 0.0002095781674142927,
        " ": 0.00020286817743908614,
        "mil": 0.00019058602629229426,
        "país": 0.00018758629448711872,
        "hablar": 0.00018526696658227593,
        "gobierno": 0.00018481833103578538,
        "tiempo": 0.0001828330132411793,
        "méxico": 0.00018257818010170013,
        "gente": 0.0001821764890337363,
        "caso": 0.00018141925102099776
    }
}