{
    "Tópico 0": {
        "gobierno": 0.00031720020342618227,
        "decir": 0.00026128109311684966,
        "reforma": 0.00025537406327202916,
        "corrupción": 0.00025460150209255517,
        "mil": 0.00025383950560353696,
        "público": 0.0002522472641430795,
        "caso": 0.0002506646269466728,
        "atender": 0.0002505203883629292,
        "tiempo": 0.0002470685285516083,
        "querer": 0.00024616127484478056
    },
    "Tópico 1": {
        "gobierno": 0.0002871760807465762,
        "decir": 0.00025625276612117887,
        "gente": 0.000253840145887807,
        "hablar": 0.00025164979160763323,
        "país": 0.00024988214136101305,
        "corrupción": 0.0002490858023520559,
        "méxico": 0.00024792569456622005,
        "caso": 0.00024552064132876694,
        "año": 0.00024512980598956347,
        "público": 0.0002436415816191584
    },
    "Tópico 2": {
        "gobierno": 0.00029630810604430735,
        "mil": 0.00027847985620610416,
        "cosa": 0.00026024720864370465,
        "decir": 0.0002574806858319789,
        "caso": 0.0002543995506130159,
        "reforma": 0.00024971444508992136,
        "país": 0.00024963851319625974,
        "corrupción": 0.00024497380945831537,
        "año": 0.00024379001115448773,
        "querer": 0.0002433642075629905
    },
    "Tópico 3": {
        "gobierno": 0.00028459724853746593,
        "mil": 0.0002613410179037601,
        "corrupción": 0.0002599929866846651,
        "país": 0.00025719348923303187,
        "méxico": 0.0002535804233048111,
        "caso": 0.0002527499746065587,
        "querer": 0.0002527064934838563,
        "atender": 0.00025166216073557734,
        "decir": 0.0002492991916369647,
        "pueblo": 0.0002479607646819204
    },
    "Tópico 4": {
        "gobierno": 0.0002804558607749641,
        "mil": 0.0002564121678005904,
        "decir": 0.0002510518243070692,
        "corrupción": 0.00024850587942637503,
        "gente": 0.00024596930597908795,
        "reforma": 0.0002423126861685887,
        "méxico": 0.0002407837746432051,
        "público": 0.00023718758893664926,
        "querer": 0.0002354055759496987,
        "problema": 0.00023502155090682209
    },
    "Tópico 5": {
        "gobierno": 0.008863857015967369,
        "mil": 0.006215787027031183,
        "país": 0.005395121406763792,
        "gente": 0.005174353253096342,
        "decir": 0.005079965107142925,
        "corrupción": 0.004858710803091526,
        "méxico": 0.004607758019119501,
        "caso": 0.0045444234274327755,
        "público": 0.004354836419224739,
        "cosa": 0.004323378670960665
    },
    "Tópico 6": {
        "gobierno": 0.000485899654449895,
        "mil": 0.0003942364128306508,
        "país": 0.00039416286745108664,
        "gente": 0.00038565241266041994,
        "corrupción": 0.0003467225469648838,
        "año": 0.00034286436857655644,
        "tiempo": 0.0003370413032826036,
        "decir": 0.00033398845698684454,
        "derecho": 0.0003334709908813238,
        "reforma": 0.00033103255555033684
    },
    "Tópico 7": {
        "gobierno": 0.00025602997629903257,
        "público": 0.0002417874929960817,
        "país": 0.00023819477064535022,
        "gente": 0.00023667298955842853,
        "mil": 0.00023539818357676268,
        "corrupción": 0.00023531075567007065,
        "decir": 0.000234820312471129,
        "tiempo": 0.00023291200341191143,
        "pueblo": 0.00023241725284606218,
        "méxico": 0.00023229236830957234
    },
    "Tópico 8": {
        "gobierno": 0.00030726988916285336,
        "gente": 0.0002642823092173785,
        "país": 0.00026235327823087573,
        "mil": 0.0002521807327866554,
        "decir": 0.0002521630667615682,
        "corrupción": 0.0002506295859348029,
        "pueblo": 0.0002471408515702933,
        "tiempo": 0.0002461348194628954,
        "cosa": 0.0002459681127220392,
        "presidente": 0.00024572963593527675
    },
    "Tópico 9": {
        "gobierno": 0.00027016899548470974,
        "gente": 0.0002617645659483969,
        "mil": 0.00026021021767519414,
        "país": 0.00025997209013439715,
        "méxico": 0.0002589485957287252,
        "corrupción": 0.00025856008869595826,
        "hablar": 0.0002548836055211723,
        "caso": 0.0002513240906409919,
        "decir": 0.00024554188712500036,
        "poder": 0.0002450243046041578
    }
}