{
    "Tópico 0": {
        "gobierno": 0.00027476699324324727,
        "pueblo": 0.000266294926404953,
        "mil": 0.0002592627424746752,
        "méxico": 0.0002545515599194914,
        "querer": 0.000251077493885532,
        " ": 0.0002504680014681071,
        "millón": 0.0002502549032215029,
        "hablar": 0.0002501493727322668,
        "año": 0.00024994779960252345,
        "tiempo": 0.0002480251423548907
    },
    "Tópico 1": {
        "méxico": 0.00027199508622288704,
        "pueblo": 0.0002712632995098829,
        "año": 0.0002658345038071275,
        "querer": 0.000258924497757107,
        "millón": 0.0002580306609161198,
        " ": 0.00025744858430698514,
        "mil": 0.00025657049263827503,
        "gobierno": 0.00025526914396323264,
        "país": 0.00025102344807237387,
        "presidente": 0.0002485512231942266
    },
    "Tópico 2": {
        "millón": 0.0002498170651961118,
        "pueblo": 0.00024948676582425833,
        "méxico": 0.00024279198260046542,
        "mil": 0.00024248834233731031,
        "unidos": 0.00023910091840662062,
        "gobierno": 0.00023872684687376022,
        "tener": 0.00023653834068682045,
        "gente": 0.00023602285364177078,
        "decir": 0.00023584868176840246,
        "país": 0.0002348699199501425
    },
    "Tópico 3": {
        "méxico": 0.0002827920252457261,
        "pueblo": 0.0002785604738164693,
        "millón": 0.0002692120033316314,
        "mil": 0.0002647590299602598,
        "gobierno": 0.0002590133808553219,
        " ": 0.00025763228768482804,
        "país": 0.0002547896292526275,
        "unidos": 0.000251530873356387,
        "gente": 0.00025063793873414397,
        "querer": 0.00024960472364909947
    },
    "Tópico 4": {
        "pueblo": 0.00690963352099061,
        "gobierno": 0.006865626201033592,
        "mil": 0.006501505151391029,
        "méxico": 0.006273225415498018,
        "millón": 0.006182392127811909,
        "querer": 0.005365618504583836,
        " ": 0.005229829344898462,
        "año": 0.004729333333671093,
        "país": 0.0047292145900428295,
        "unidos": 0.0046392264775931835
    },
    "Tópico 5": {
        "millón": 0.0002668625966180116,
        "pueblo": 0.0002552266523707658,
        "méxico": 0.0002538726548664272,
        "gobierno": 0.00025261749397031963,
        " ": 0.0002517819812055677,
        "mil": 0.00024998385924845934,
        "unidos": 0.0002480943803675473,
        "querer": 0.0002470745821483433,
        "hablar": 0.00024364650016650558,
        "país": 0.00024336397473234683
    },
    "Tópico 6": {
        "gobierno": 0.0002634194679558277,
        "mil": 0.0002570493961684406,
        "gente": 0.0002542237925808877,
        "millón": 0.00025293586077168584,
        "querer": 0.00025072379503399134,
        " ": 0.0002500098489690572,
        "méxico": 0.00024955760454759,
        "pueblo": 0.00024694192688912153,
        "año": 0.0002454863570164889,
        "ir": 0.0002416108181932941
    },
    "Tópico 7": {
        "pueblo": 0.0002571103104855865,
        "méxico": 0.00025363697204738855,
        "gobierno": 0.0002529472403693944,
        "querer": 0.0002527307369746268,
        "millón": 0.00024955443223007023,
        "gente": 0.0002482350100763142,
        "mil": 0.0002475162036716938,
        "país": 0.0002445789868943393,
        " ": 0.0002438995143165812,
        "unidos": 0.00024035925162024796
    },
    "Tópico 8": {
        "pueblo": 0.00040277402149513364,
        "mil": 0.0003846465260721743,
        "méxico": 0.00037957975291647017,
        "millón": 0.0003747363807633519,
        "gobierno": 0.00035777478478848934,
        "querer": 0.00033321764203719795,
        "país": 0.00032671508961357176,
        "seguir": 0.00032262198510579765,
        "público": 0.00032175201340578496,
        "año": 0.00031743114232085645
    },
    "Tópico 9": {
        "millón": 0.0002784484240692109,
        "gobierno": 0.0002749272098299116,
        "pueblo": 0.0002702852652873844,
        "méxico": 0.0002702560741454363,
        "mil": 0.00026538470410741866,
        "hablar": 0.00025626138085499406,
        "querer": 0.00025622895918786526,
        "decir": 0.00025478258612565696,
        "país": 0.0002539835695642978,
        "planta": 0.00025298382388427854
    }
}