{
    "Tópico 0": {
        "pueblo": 0.0002360126527491957,
        "gobierno": 0.00022713329235557467,
        "caso": 0.00021464773453772068,
        "gente": 0.00021087979257572442,
        "mil": 0.000209099191124551,
        "querer": 0.00020789244445040822,
        "tiempo": 0.0002041952684521675,
        " ": 0.0002027741284109652,
        "decir": 0.0002009312156587839,
        "méxico": 0.00020042651158291847
    },
    "Tópico 1": {
        "pueblo": 0.0003040104347746819,
        "gobierno": 0.00027966423658654094,
        "mil": 0.00027055133250541985,
        "méxico": 0.00025870438548736274,
        "caso": 0.00025615282356739044,
        "querer": 0.0002525416493881494,
        "gente": 0.0002487334713805467,
        "tiempo": 0.00024297011259477586,
        "ayudar": 0.00022322998847812414,
        "seguir": 0.00022098726185504347
    },
    "Tópico 2": {
        "gobierno": 0.0002621823223307729,
        "pueblo": 0.0002566260809544474,
        "méxico": 0.00024001696147024632,
        "gente": 0.00023272451653610915,
        "ayudar": 0.00022495543817058206,
        "querer": 0.0002212119725299999,
        "presidente": 0.00022117132903076708,
        "país": 0.000219058696529828,
        "tiempo": 0.00021806744916830212,
        "seguir": 0.00021555837884079665
    },
    "Tópico 3": {
        "gobierno": 0.00022978796914685518,
        "gente": 0.00022681897098664194,
        "méxico": 0.00021098030265420675,
        "pueblo": 0.00020696275169029832,
        "querer": 0.00020294183923397213,
        "tiempo": 0.00020147293980699033,
        "tener": 0.0001998644002014771,
        "llevar": 0.00019911263370886445,
        "ayudar": 0.0001983059773920104,
        " ": 0.00019750319188460708
    },
    "Tópico 4": {
        "pueblo": 0.00030014998628757894,
        "gobierno": 0.0002644004125613719,
        "méxico": 0.0002467071171849966,
        "gente": 0.00024086966004688293,
        "caso": 0.0002403652179054916,
        "tiempo": 0.0002390837180428207,
        " ": 0.00023696314019616693,
        "año": 0.0002300174965057522,
        "querer": 0.00022969201381783932,
        "decir": 0.00022819706646259874
    },
    "Tópico 5": {
        "pueblo": 0.0002343625237699598,
        "gente": 0.00022897230519447476,
        "gobierno": 0.0002267980162287131,
        "tiempo": 0.0002172929234802723,
        "méxico": 0.00021722158999182284,
        "querer": 0.0002145000034943223,
        " ": 0.00021400567493401468,
        "decir": 0.0002081269776681438,
        "año": 0.00020730406686197966,
        "llegar": 0.0002056575904134661
    },
    "Tópico 6": {
        "pueblo": 0.0002438777155475691,
        "querer": 0.00021850605844520032,
        "país": 0.00021649023983627558,
        "gente": 0.00021598493913188577,
        "gobierno": 0.00021556351566687226,
        "ayudar": 0.00021341952378861606,
        "méxico": 0.00021129206288605928,
        " ": 0.00021025640307925642,
        "llegar": 0.00020791959832422435,
        "asunto": 0.00020331237465143204
    },
    "Tópico 7": {
        "pueblo": 0.007663500029593706,
        "gobierno": 0.00730219716206193,
        "gente": 0.006552240811288357,
        "méxico": 0.0057749394327402115,
        "querer": 0.005360602866858244,
        "mil": 0.004868840333074331,
        "tiempo": 0.004868767224252224,
        "caso": 0.004765152465552092,
        " ": 0.0045064883306622505,
        "ayudar": 0.004247661679983139
    },
    "Tópico 8": {
        "pueblo": 0.0002224379568360746,
        "gobierno": 0.0002107882173731923,
        " ": 0.0002013968478422612,
        "méxico": 0.00020075569045729935,
        "querer": 0.00019907113164663315,
        "gente": 0.00019687712483573705,
        "caso": 0.00019505621457938105,
        "tiempo": 0.0001949916040757671,
        "mil": 0.00019496071035973728,
        "seguir": 0.00019122110097669065
    },
    "Tópico 9": {
        "pueblo": 0.00024689349811524153,
        "gobierno": 0.00023239247093442827,
        "gente": 0.00022843541228212416,
        "querer": 0.00022106850519776344,
        "caso": 0.0002169770741602406,
        "mil": 0.00021510802616830915,
        "méxico": 0.00021202124480623752,
        "tiempo": 0.00020181685977149755,
        "país": 0.0001995861530303955,
        "ayudar": 0.00019933773728553206
    }
}