{
    "Tópico 0": {
        "méxico": 0.00022978702327236533,
        "gobierno": 0.00022934966546017677,
        "pueblo": 0.00022473686840385199,
        "gente": 0.000211762948310934,
        "caso": 0.00021090134396217763,
        "público": 0.0002010166208492592,
        "mil": 0.00019927821995224804,
        "país": 0.00019792509556282312,
        "tiempo": 0.00019671568588819355,
        "ver": 0.0001950169389601797
    },
    "Tópico 1": {
        "pueblo": 0.00024187981034629047,
        "méxico": 0.00021909800125285983,
        "gente": 0.00020143031724728644,
        "caso": 0.00020044132543262094,
        "gobierno": 0.00019790191436186433,
        "querer": 0.0001951149315573275,
        "hablar": 0.0001946148695424199,
        "año": 0.00019321117724757642,
        "país": 0.00019217126828152686,
        "tiempo": 0.00018887739861384034
    },
    "Tópico 2": {
        "pueblo": 0.0071772378869354725,
        "méxico": 0.006637317594140768,
        "gobierno": 0.006255779881030321,
        "gente": 0.005377298686653376,
        "país": 0.004908048547804356,
        "caso": 0.004628373775631189,
        "año": 0.004479170311242342,
        "tiempo": 0.004371701739728451,
        "querer": 0.004368466325104237,
        "mil": 0.004350747913122177
    },
    "Tópico 3": {
        "pueblo": 0.00019827672804240137,
        "gobierno": 0.00019068863184656948,
        "méxico": 0.00018894666573032737,
        "país": 0.0001839815522544086,
        "gente": 0.00017850178119260818,
        "público": 0.00017816908075474203,
        "tiempo": 0.0001770730596035719,
        "año": 0.0001756150886649266,
        "venir": 0.00017458200454711914,
        "llegar": 0.00017446817946620286
    },
    "Tópico 4": {
        "méxico": 0.00025150738656520844,
        "pueblo": 0.0002462784468661994,
        "querer": 0.00022217383957467973,
        "año": 0.00022103368246462196,
        "gobierno": 0.00021673696755897254,
        "tiempo": 0.00021490256767719984,
        "gente": 0.00021401765116024762,
        "público": 0.00021190321422182024,
        "seguir": 0.0002096205425914377,
        "decir": 0.00020771492563653737
    },
    "Tópico 5": {
        "méxico": 0.0010813961271196604,
        "pueblo": 0.0008769638952799141,
        "gobierno": 0.0008091573836281896,
        "querer": 0.0007845170330256224,
        "gente": 0.0007418805616907775,
        "hablar": 0.0006473150569945574,
        "caso": 0.0006156035233289003,
        "llegar": 0.0006151662091724575,
        "decir": 0.0006149666733108461,
        "ver": 0.0005873254267498851
    },
    "Tópico 6": {
        "méxico": 0.00025215258938260376,
        "pueblo": 0.00023121827689465135,
        "gobierno": 0.0002210411912528798,
        "país": 0.00020928183221258223,
        "mil": 0.0001984236587304622,
        "seguir": 0.00019631831673905253,
        "caso": 0.0001945550466189161,
        "año": 0.00019271620840299875,
        "decir": 0.00019148833234794438,
        "reforma": 0.00019069506379310042
    },
    "Tópico 7": {
        "pueblo": 0.00022631038154941052,
        "caso": 0.0002157487760996446,
        "gobierno": 0.00021358839876484126,
        "gente": 0.00020833584130741656,
        "méxico": 0.00020665591000579298,
        "querer": 0.00020487300935201347,
        "país": 0.00019664032151922584,
        "hablar": 0.00019623280968517065,
        "público": 0.00019343846361152828,
        "tiempo": 0.00019288284238427877
    },
    "Tópico 8": {
        "gobierno": 0.0002179481671191752,
        "pueblo": 0.00021582415502052754,
        "gente": 0.00021194711735006422,
        "decir": 0.0002098402619594708,
        "pasar": 0.00020936715009156615,
        "país": 0.00020670278172474355,
        "méxico": 0.0002044225111603737,
        "hablar": 0.00020111218327656388,
        "año": 0.00019856040307786316,
        "mil": 0.0001976008788915351
    },
    "Tópico 9": {
        "gobierno": 0.00025510325212962925,
        "pueblo": 0.0002444490964990109,
        "gente": 0.00023894343758001924,
        "méxico": 0.00023704687191639096,
        "decir": 0.00022686371812596917,
        "tiempo": 0.00022426403302233666,
        "seguir": 0.00022014134447090328,
        "país": 0.00021357586956582963,
        "público": 0.00021259646746329963,
        "mil": 0.0002089218032779172
    }
}