{
    "Tópico 0": {
        " ": 0.024308841675519943,
        "mil": 0.007305581588298082,
        "pueblo": 0.006686624139547348,
        "méxico": 0.006097572855651379,
        "millón": 0.005186254624277353,
        "presidente": 0.005103582050651312,
        "gobierno": 0.004990524146705866,
        "libro": 0.004908378701657057,
        "decir": 0.004761812277138233,
        "gente": 0.0046147448010742664
    },
    "Tópico 1": {
        " ": 0.0002607383648864925,
        "mil": 0.000203205956495367,
        "pueblo": 0.0001948191347764805,
        "méxico": 0.00018487358465790749,
        "millón": 0.00018044101307168603,
        "presidente": 0.0001725642359815538,
        "año": 0.000171359846717678,
        "gobierno": 0.00017048558220267296,
        "gente": 0.00016761153528932482,
        "caso": 0.00016546012193430215
    },
    "Tópico 2": {
        " ": 0.00020652529201470315,
        "millón": 0.0001570861495565623,
        "mil": 0.0001518837088951841,
        "méxico": 0.00015161314513534307,
        "pueblo": 0.00015088426880538464,
        "querer": 0.00014481917605735362,
        "decir": 0.00014434821787290275,
        "gente": 0.00014270386600401253,
        "gobierno": 0.0001422048662789166,
        "caso": 0.00014119756815489382
    },
    "Tópico 3": {
        " ": 0.0003278783115092665,
        "pueblo": 0.00018895170069299638,
        "mil": 0.00017924100393429399,
        "libro": 0.0001628952450118959,
        "méxico": 0.00015805453585926443,
        "llegar": 0.00015426051686517894,
        "gobierno": 0.0001539973309263587,
        "país": 0.00015337429067585617,
        "año": 0.00015184278890956193,
        "gente": 0.0001517600758234039
    },
    "Tópico 4": {
        " ": 0.00021379688405431807,
        "mil": 0.00016468623653054237,
        "méxico": 0.00015320489183068275,
        "pueblo": 0.0001525885600131005,
        "caso": 0.00015026720939204097,
        "hablar": 0.00014804553939029574,
        "gente": 0.0001451541029382497,
        "tiempo": 0.00014453801850322634,
        "libro": 0.0001442234351998195,
        "año": 0.00014411361189559102
    },
    "Tópico 5": {
        " ": 0.001558093586936593,
        "méxico": 0.0005202438915148377,
        "mil": 0.0005188522627577186,
        "presidente": 0.000471050530904904,
        "pueblo": 0.0004480404604692012,
        "gente": 0.00040916542639024556,
        "decir": 0.0004010378324892372,
        "libro": 0.0003955861902795732,
        "gobierno": 0.00038182552088983357,
        "millón": 0.0003698321233969182
    },
    "Tópico 6": {
        " ": 0.0002715768350753933,
        "pueblo": 0.00016154206241481006,
        "méxico": 0.00015790235192980617,
        "mil": 0.00015318725490942597,
        "libro": 0.00015126069774851203,
        "millón": 0.0001495310280006379,
        "año": 0.00014947839372325689,
        "país": 0.00014867614663671702,
        "gente": 0.00014826613187324256,
        "querer": 0.00014699235907755792
    },
    "Tópico 7": {
        " ": 0.0004117884091101587,
        "mil": 0.00022048797109164298,
        "méxico": 0.0001852481800597161,
        "pueblo": 0.00017867484712041914,
        "presidente": 0.00017494014173280448,
        "gobierno": 0.00016914318257477134,
        "millón": 0.00016892699932213873,
        "hablar": 0.00016846922517288476,
        "año": 0.00016783464525360614,
        "tiempo": 0.00016624684212729335
    },
    "Tópico 8": {
        " ": 0.0005820090882480145,
        "méxico": 0.00024020124692469835,
        "libro": 0.00023421584046445787,
        "pueblo": 0.00023254842380993068,
        "mil": 0.0002297481260029599,
        "gobierno": 0.00021135924907866865,
        "millón": 0.00021023175213485956,
        "decir": 0.00020553392823785543,
        "presidente": 0.0002035908109974116,
        "hablar": 0.00019726944447029382
    },
    "Tópico 9": {
        " ": 0.0006299085798673332,
        "méxico": 0.00021402054699137807,
        "mil": 0.0002061717095784843,
        "millón": 0.00020335988665465266,
        "decir": 0.00020308620878495276,
        "presidente": 0.0002023120759986341,
        "libro": 0.00019542311201803386,
        "pueblo": 0.0001950852747540921,
        "hablar": 0.0001939777284860611,
        "gente": 0.00019074634474236518
    }
}