{
    "Tópico 0": {
        " ": 0.00026446464471518993,
        "pueblo": 0.0002547288895584643,
        "mil": 0.00024432840291410685,
        "gobierno": 0.00022921124764252454,
        "decir": 0.00022339819406624883,
        "gente": 0.00022117396292742342,
        "caso": 0.00022060246556065977,
        "querer": 0.0002201332536060363,
        "corrupción": 0.0002201144816353917,
        "país": 0.00021528196521103382
    },
    "Tópico 1": {
        "pueblo": 0.00024040501739364117,
        "mil": 0.00023883940593805164,
        " ": 0.00022517726756632328,
        "méxico": 0.00022269191686064005,
        "gobierno": 0.0002181727613788098,
        "querer": 0.00021554170234594494,
        "caso": 0.0002150591608369723,
        "decir": 0.00021363598352763802,
        "millón": 0.0002103679144056514,
        "público": 0.00020854125614278018
    },
    "Tópico 2": {
        "pueblo": 0.00026907934807240963,
        " ": 0.00025583201204426587,
        "mil": 0.0002406146377325058,
        "méxico": 0.0002370523870922625,
        "decir": 0.00022373677347786725,
        "gobierno": 0.0002228971425211057,
        "país": 0.00022194617486093193,
        "caso": 0.00022193172480911016,
        "gente": 0.00021932454546913505,
        "tiempo": 0.000213667270145379
    },
    "Tópico 3": {
        " ": 0.00928087905049324,
        "mil": 0.00855998694896698,
        "pueblo": 0.008266537450253963,
        "caso": 0.006718384101986885,
        "gobierno": 0.006396831013262272,
        "gente": 0.0061488524079322815,
        "méxico": 0.0059513431042432785,
        "decir": 0.005227105692028999,
        "país": 0.004977826029062271,
        "corrupción": 0.004728958010673523
    },
    "Tópico 4": {
        "pueblo": 0.0002823436225298792,
        "mil": 0.00027033890364691615,
        " ": 0.0002673485141713172,
        "gente": 0.0002625382912810892,
        "méxico": 0.00025462955818511546,
        "caso": 0.00025359829305671155,
        "decir": 0.00024384229618590325,
        "querer": 0.00024028049665503204,
        "año": 0.00023667351342737675,
        "corrupción": 0.00023524215794168413
    },
    "Tópico 5": {
        "pueblo": 0.00027412574854679406,
        "mil": 0.0002686664229258895,
        " ": 0.00025691333576105535,
        "país": 0.0002539973065722734,
        "gente": 0.0002462490519974381,
        "gobierno": 0.0002459759416524321,
        "caso": 0.0002459407551214099,
        "méxico": 0.00024094132822938263,
        "tener": 0.00023534559295512736,
        "ayudar": 0.00023384543601423502
    },
    "Tópico 6": {
        "mil": 0.00031542099895887077,
        " ": 0.00029881030786782503,
        "caso": 0.00029722615727223456,
        "pueblo": 0.00029680776060558856,
        "corrupción": 0.00027132799732498825,
        "gente": 0.0002578481798991561,
        "méxico": 0.0002509865735191852,
        "gobierno": 0.0002454419154673815,
        "país": 0.000245426781475544,
        "tener": 0.0002431553293718025
    },
    "Tópico 7": {
        "mil": 0.0002920929400715977,
        "méxico": 0.0002808083954732865,
        "gobierno": 0.00027517229318618774,
        " ": 0.0002709999680519104,
        "pueblo": 0.00026726420037448406,
        "tiempo": 0.0002502826973795891,
        "caso": 0.00024955932167358696,
        "corrupción": 0.0002468193706590682,
        "millón": 0.000244851311435923,
        "gente": 0.00024392579507548362
    },
    "Tópico 8": {
        " ": 0.0012648311676457524,
        "mil": 0.0011083162389695644,
        "caso": 0.0009637940092943609,
        "gobierno": 0.0008194653782993555,
        "pueblo": 0.0007217247039079666,
        "presidente": 0.0007149921148084104,
        "gente": 0.0007077170885168016,
        "país": 0.0006957714213058352,
        "decir": 0.0006928876391611993,
        "corrupción": 0.0006648807902820408
    },
    "Tópico 9": {
        " ": 0.0003518309385981411,
        "gente": 0.00031268582097254694,
        "mil": 0.00030233972938731313,
        "pueblo": 0.00029485553386621177,
        "caso": 0.00028641088283620775,
        "gobierno": 0.000286329333903268,
        "decir": 0.0002659494348336011,
        "país": 0.0002625672204885632,
        "méxico": 0.00026060649543069303,
        "tiempo": 0.0002528775075916201
    }
}