{
    "Tópico 0": {
        "gobierno": 0.00022891479602549225,
        " ": 0.00022000116587150842,
        "caso": 0.00021951383678242564,
        "méxico": 0.00021764410485047847,
        "pueblo": 0.0002119346463587135,
        "mil": 0.00020925418357364833,
        "país": 0.00020754615252371877,
        "querer": 0.00020716371363960207,
        "corrupción": 0.00020228771609254181,
        "público": 0.00020037546346429735
    },
    "Tópico 1": {
        "méxico": 0.00024792534532025456,
        "gobierno": 0.000247530872002244,
        "mil": 0.00024119458976201713,
        "año": 0.00023797470203135163,
        " ": 0.00023599335690960288,
        "pueblo": 0.00023290462559089065,
        "caso": 0.00022645114222541451,
        "público": 0.0002250518009532243,
        "corrupción": 0.00022351989173330367,
        "millón": 0.0002193693508161232
    },
    "Tópico 2": {
        "gobierno": 0.0002434655762044713,
        "méxico": 0.0002427272411296144,
        " ": 0.0002289357507834211,
        "mil": 0.00022618574439547956,
        "ayudar": 0.00022096581233199686,
        "pueblo": 0.00021723679674323648,
        "público": 0.00021694574388675392,
        "caso": 0.00021318338986020535,
        "país": 0.00021088957146275789,
        "hablar": 0.00021064629254397005
    },
    "Tópico 3": {
        "gobierno": 0.0015828462783247232,
        "mil": 0.0014154622331261635,
        "méxico": 0.0013603537809103727,
        "millón": 0.0011377778137102723,
        "público": 0.0010974222095683217,
        "país": 0.0010628014570102096,
        "año": 0.0010566917480900884,
        "caso": 0.0010551150189712644,
        "pueblo": 0.0010333727113902569,
        " ": 0.0010118259815499187
    },
    "Tópico 4": {
        "gobierno": 0.0072549195028841496,
        "mil": 0.006883617956191301,
        "méxico": 0.006708333734422922,
        " ": 0.006139812991023064,
        "caso": 0.00596418185159564,
        "país": 0.005313409026712179,
        "pueblo": 0.00513868872076273,
        "año": 0.005038767121732235,
        "corrupción": 0.004465300124138594,
        "querer": 0.004415313713252544
    },
    "Tópico 5": {
        "méxico": 0.0002444129786454141,
        "país": 0.00023970087931957096,
        " ": 0.00023180112475529313,
        "gobierno": 0.0002277927560498938,
        "caso": 0.00022775724937673658,
        "pueblo": 0.0002257675805594772,
        "mil": 0.0002234987769043073,
        "corrupción": 0.00021982056205160916,
        "año": 0.00021315948106348515,
        "asunto": 0.00021152454428374767
    },
    "Tópico 6": {
        "méxico": 0.0002499567635823041,
        "gobierno": 0.0002341254730708897,
        "mil": 0.00023269461235031486,
        " ": 0.0002268829121021554,
        "caso": 0.00022210576571524143,
        "público": 0.0002175172558054328,
        "país": 0.00021703990933019668,
        "año": 0.00021572511468548328,
        "millón": 0.00021242676302790642,
        "pueblo": 0.0002109374909196049
    },
    "Tópico 7": {
        "gobierno": 0.00033669063122943044,
        "méxico": 0.00030609441455453634,
        "caso": 0.0002984197053592652,
        "mil": 0.0002842301910277456,
        " ": 0.0002796378976199776,
        "hablar": 0.00027594674611464143,
        "problema": 0.000275479513220489,
        "importante": 0.0002729338884819299,
        "país": 0.00027113824035041034,
        "corrupción": 0.00026682467432692647
    },
    "Tópico 8": {
        "gobierno": 0.00026442843955010176,
        "mil": 0.0002589538926258683,
        "pueblo": 0.00024261044745799154,
        " ": 0.0002372474264120683,
        "país": 0.0002366265980526805,
        "caso": 0.0002350445865886286,
        "millón": 0.0002316976897418499,
        "méxico": 0.0002316705067642033,
        "corrupción": 0.0002260774781461805,
        "decir": 0.0002233658015029505
    },
    "Tópico 9": {
        "mil": 0.00024958004360087216,
        "méxico": 0.0002462945703882724,
        " ": 0.0002423503465251997,
        "gobierno": 0.00023408794368151575,
        "país": 0.00023289179080165923,
        "caso": 0.00022670556791126728,
        "público": 0.00022451621771324426,
        "año": 0.00022346572950482368,
        "querer": 0.00022164238907862455,
        "gente": 0.00021553192345891148
    }
}