{
    "Tópico 0": {
        "gobierno": 0.000540796434506774,
        "mil": 0.0004913521697744727,
        "información": 0.0004880468768533319,
        "caso": 0.00048606880591250956,
        "presupuesto": 0.0004826750955544412,
        "público": 0.000479105394333601,
        "plan": 0.0004783428448718041,
        "seguridad": 0.0004781812313012779,
        "hablar": 0.0004770670202560723,
        "tiempo": 0.00047465061652474105
    },
    "Tópico 1": {
        "gobierno": 0.010474154725670815,
        "caso": 0.007484914734959602,
        "información": 0.007165373302996159,
        "mil": 0.0068446737714111805,
        "público": 0.006097275298088789,
        "presupuesto": 0.005669879261404276,
        "país": 0.005349828861653805,
        "ciudadano": 0.00513592641800642,
        "robo": 0.0050293197855353355,
        "corrupción": 0.004815832246094942
    },
    "Tópico 2": {
        "gobierno": 0.0005002033431082964,
        "caso": 0.00047548560542054474,
        "información": 0.0004665747983381152,
        "público": 0.0004645643348339945,
        "corrupción": 0.00046114696306176484,
        "hablar": 0.00046067635412327945,
        "mil": 0.0004601615946739912,
        "país": 0.0004601245163939893,
        "ley": 0.0004592164477799088,
        "tiempo": 0.0004587775911204517
    },
    "Tópico 3": {
        "gobierno": 0.0005237806471996009,
        "caso": 0.00048688892275094986,
        "mil": 0.0004861665074713528,
        "ciudadano": 0.0004804765048902482,
        "público": 0.00047700025606900454,
        "información": 0.0004761891905218363,
        "ley": 0.00046856593689881265,
        "presupuesto": 0.0004673874645959586,
        "robo": 0.0004664649604819715,
        "asunto": 0.00046370233758352697
    },
    "Tópico 4": {
        "gobierno": 0.0005149799981154501,
        "información": 0.0004968922585248947,
        "caso": 0.0004965002881363034,
        "mil": 0.000488674791995436,
        "presupuesto": 0.0004775993584189564,
        "país": 0.00047403250937350094,
        "corrupción": 0.00047401065239682794,
        "ley": 0.0004733835521619767,
        "público": 0.00047329283552244306,
        "acerca": 0.00046986984671093524
    },
    "Tópico 5": {
        "gobierno": 0.00046969851246103644,
        "caso": 0.0004585925198625773,
        "información": 0.0004573628830257803,
        "público": 0.00045571080408990383,
        "mil": 0.00045252416748553514,
        "país": 0.0004518831556197256,
        "robo": 0.0004510787548497319,
        "asunto": 0.0004462898359633982,
        "corrupción": 0.0004461039206944406,
        "seguridad": 0.0004460273776203394
    },
    "Tópico 6": {
        "caso": 0.0005039108800701797,
        "gobierno": 0.0004989009466953576,
        "mil": 0.0004826379008591175,
        "información": 0.0004809802339877933,
        "presupuesto": 0.0004738339630421251,
        "país": 0.00047264451859518886,
        "hablar": 0.00047239623381756246,
        "público": 0.00047153537161648273,
        "plan": 0.00046752739581279457,
        "seguridad": 0.00046585933887399733
    },
    "Tópico 7": {
        "gobierno": 0.0004780898161698133,
        "caso": 0.00046378502156585455,
        "asunto": 0.00046036485582590103,
        "robo": 0.0004581461544148624,
        "información": 0.0004562831891234964,
        "país": 0.00045493480865843594,
        "presupuesto": 0.00045484400470741093,
        "mil": 0.0004534591280389577,
        "ley": 0.00045307414256967604,
        "ciudadano": 0.00045233129640109837
    },
    "Tópico 8": {
        "gobierno": 0.0005032827612012625,
        "mil": 0.0004736655973829329,
        "información": 0.0004705789324361831,
        "público": 0.00046745711006224155,
        "caso": 0.0004627045418601483,
        "ciudadano": 0.0004585021233651787,
        "presupuesto": 0.0004572421021293849,
        "seguridad": 0.00045709876576438546,
        "hablar": 0.00045679917093366385,
        "derecho": 0.0004560450906865299
    },
    "Tópico 9": {
        "gobierno": 0.00048211394459940493,
        "caso": 0.00046531547559425235,
        "presupuesto": 0.00046211114386096597,
        "robo": 0.00045827878057025373,
        "corrupción": 0.0004547272401396185,
        "información": 0.0004543938266579062,
        "mil": 0.00045266179949976504,
        "plan": 0.0004521215450949967,
        "país": 0.00045199444866739213,
        "público": 0.0004509919381234795
    }
}