{
    "Tópico 0": {
        "caso": 0.0002756928151939064,
        "decir": 0.00027522273012436926,
        "gobierno": 0.0002710049448069185,
        "país": 0.00027054743259213865,
        "año": 0.00026784767396748066,
        "gente": 0.0002601614687591791,
        "tiempo": 0.0002586510090623051,
        "ayudar": 0.0002579991123639047,
        "mil": 0.0002561710716690868,
        "informar": 0.0002530172641854733
    },
    "Tópico 1": {
        "gobierno": 0.00033480447018519044,
        "año": 0.0003143829817418009,
        "caso": 0.00031426845816895366,
        "mil": 0.0002897758677136153,
        "decir": 0.0002876308572012931,
        "ayudar": 0.0002782642550300807,
        "méxico": 0.00027618062449619174,
        "hablar": 0.00027586205396801233,
        "tema": 0.0002675812575034797,
        "país": 0.0002646530920173973
    },
    "Tópico 2": {
        "caso": 0.007408325560390949,
        "gobierno": 0.006856350228190422,
        "año": 0.006525995209813118,
        "decir": 0.005640332121402025,
        "mil": 0.005012901034206152,
        "méxico": 0.004756012465804815,
        "ayudar": 0.004718849901109934,
        "país": 0.004608193878084421,
        "hablar": 0.004571631550788879,
        "gente": 0.004424011334776878
    },
    "Tópico 3": {
        "caso": 0.00030257427715696394,
        "decir": 0.000297263526590541,
        "año": 0.00029362161876633763,
        "gobierno": 0.0002825789269991219,
        "gente": 0.00027967800269834697,
        "tiempo": 0.00027857767418026924,
        "mil": 0.00027754827169701457,
        "ayudar": 0.000272129662334919,
        "tema": 0.0002706884406507015,
        "hablar": 0.0002671829715836793
    },
    "Tópico 4": {
        "año": 0.00027687090914696455,
        "caso": 0.0002688626409508288,
        "gobierno": 0.00026849276036955416,
        "mil": 0.00025816119159571826,
        "ayudar": 0.00025504143559373915,
        "informar": 0.00024973004474304616,
        "tiempo": 0.0002487576275598258,
        "país": 0.00024840765399858356,
        "asunto": 0.0002474600914865732,
        "méxico": 0.0002471102343406528
    },
    "Tópico 5": {
        "decir": 0.0002779088099487126,
        "caso": 0.00027313997270539403,
        "tiempo": 0.0002632716204971075,
        "ayudar": 0.00026244352920912206,
        "méxico": 0.00025997322518378496,
        "año": 0.00025968605768866837,
        "gente": 0.00025861969334073365,
        "gobierno": 0.00025795758119784296,
        "mil": 0.00025306156021542847,
        "público": 0.00024553859839215875
    },
    "Tópico 6": {
        "caso": 0.00045797001803293824,
        "gobierno": 0.00041986056021414697,
        "mil": 0.0003901181335095316,
        "decir": 0.00038612261414527893,
        "año": 0.0003856816329061985,
        "ayudar": 0.0003799251571763307,
        "país": 0.00037908434751443565,
        "público": 0.0003711473837029189,
        "tiempo": 0.00036744566750712693,
        "cosa": 0.0003662663511931896
    },
    "Tópico 7": {
        "caso": 0.0002861161483451724,
        "gobierno": 0.00028549021226353943,
        "decir": 0.0002707543026190251,
        "año": 0.00026794723817147315,
        "mil": 0.00026216238620691,
        "méxico": 0.000258516549365595,
        "tema": 0.0002570219512563199,
        "hablar": 0.0002562582085374743,
        "gente": 0.0002559755521360785,
        "llevar": 0.0002550705976318568
    },
    "Tópico 8": {
        "caso": 0.0002487453166395426,
        "año": 0.00024729338474571705,
        "gobierno": 0.0002452557673677802,
        "decir": 0.00024460870190523565,
        "país": 0.00024362860131077468,
        "mil": 0.00024189155374187976,
        "méxico": 0.00024068128550425172,
        "corrupción": 0.00023934910132084042,
        "tiempo": 0.00023658327700104564,
        "ayudar": 0.00023650845105294138
    },
    "Tópico 9": {
        "caso": 0.00045533411321230233,
        "hablar": 0.0004124952247366309,
        "gobierno": 0.0004079547943547368,
        "tema": 0.0003851479268632829,
        "mil": 0.0003749218594748527,
        "asunto": 0.00036956899566575885,
        "méxico": 0.00036495865788310766,
        "tiempo": 0.0003554530849214643,
        "gente": 0.0003531451220624149,
        "país": 0.00035109161399304867
    }
}