{
    "Tópico 0": {
        "pueblo": 0.008570936508476734,
        "méxico": 0.007343175355345011,
        "gente": 0.006572474725544453,
        "gobierno": 0.0059499493800103664,
        "país": 0.005657142028212547,
        "presidente": 0.005118667613714933,
        "decir": 0.005055089946836233,
        "año": 0.004847678821533918,
        "mil": 0.004578139632940292,
        "querer": 0.004535399377346039
    },
    "Tópico 1": {
        "méxico": 0.0002048935421044007,
        "pueblo": 0.0002014014171436429,
        "gente": 0.0001994843769352883,
        "gobierno": 0.00019879257888533175,
        "presidente": 0.00019727893231902272,
        "año": 0.00019719553529284894,
        "decir": 0.00019504065858200192,
        "mil": 0.00019417196745052934,
        "país": 0.00018732339958660305,
        "pasar": 0.0001871455169748515
    },
    "Tópico 2": {
        "pueblo": 0.000193762534763664,
        "méxico": 0.00019269666518084705,
        "gobierno": 0.00018349263700656593,
        "gente": 0.00018299285147804767,
        "presidente": 0.00017846394621301442,
        "decir": 0.00017527541785966605,
        "mil": 0.0001747487112879753,
        "año": 0.00017436614143662155,
        "hablar": 0.00017374193703290075,
        "tiempo": 0.00017357687465846539
    },
    "Tópico 3": {
        "méxico": 0.0004785570199601352,
        "pueblo": 0.0004685570893343538,
        "país": 0.00043505520443432033,
        "gente": 0.00041055207839235663,
        "querer": 0.00035326380748301744,
        "gobierno": 0.00034866761416196823,
        "decir": 0.00034808492637239397,
        "ver": 0.0003413383674342185,
        "presidente": 0.0003367121680639684,
        "seguir": 0.00033497530966997147
    },
    "Tópico 4": {
        "méxico": 0.00021650946291629225,
        "gente": 0.00020999541447963566,
        "pueblo": 0.00020619416318368167,
        "gobierno": 0.00020064934506081045,
        "querer": 0.00019017563317902386,
        "año": 0.00018218783952761441,
        "mil": 0.00017919711535796523,
        "país": 0.00017856128397397697,
        "ver": 0.00017747828678693622,
        "presidente": 0.00017554877558723092
    },
    "Tópico 5": {
        "pueblo": 0.00032108768937177956,
        "méxico": 0.00025101221399381757,
        "gente": 0.000246383307967335,
        "decir": 0.00024103702162392437,
        "país": 0.00023430469445884228,
        "año": 0.00022367280325852334,
        "mil": 0.00022145909315440804,
        "gobierno": 0.0002152140805264935,
        "ver": 0.00021157348237466067,
        "unidos": 0.00020990685152355582
    },
    "Tópico 6": {
        "pueblo": 0.00023130667977966368,
        "llegar": 0.0002022615954047069,
        "año": 0.0002016049693338573,
        "país": 0.0001996415521716699,
        "presidente": 0.00019936113676521927,
        "méxico": 0.0001991156896110624,
        "gobierno": 0.00019765095203183591,
        "decir": 0.0001971268211491406,
        "gente": 0.00019681139383465052,
        "querer": 0.0001955568150151521
    },
    "Tópico 7": {
        "méxico": 0.00020090214093215764,
        "pueblo": 0.0001903077500173822,
        "gobierno": 0.00018721443484537303,
        "país": 0.00018347834702581167,
        "caso": 0.00017730792751535773,
        "decir": 0.00017726424266584218,
        "gente": 0.00017675456183496863,
        "año": 0.0001735765254124999,
        "reforma": 0.00017334545555058867,
        "presidente": 0.00017272810509894043
    },
    "Tópico 8": {
        "pueblo": 0.000401587545638904,
        "gente": 0.0003970620164182037,
        "gobierno": 0.00036769057624042034,
        "país": 0.00033946323674172163,
        "méxico": 0.0003353469946887344,
        "caso": 0.0002904740103986114,
        "tiempo": 0.0002895906800404191,
        "decir": 0.00027540564769878983,
        "llegar": 0.000272644916549325,
        "año": 0.00025942508364096284
    },
    "Tópico 9": {
        "gente": 0.00029396702302619815,
        "pueblo": 0.0002864970883820206,
        "méxico": 0.0002772010338958353,
        "país": 0.00025726930471137166,
        "decir": 0.0002513426588848233,
        "seguir": 0.00023717347357887775,
        "presidente": 0.00023699537268839777,
        "gobierno": 0.00022981280926615,
        "ver": 0.0002210639213444665,
        "año": 0.0002202306204708293
    }
}