{
    "Tópico 0": {
        "pueblo": 0.00028935421141795814,
        " ": 0.0002879481471609324,
        "méxico": 0.00028195386403240263,
        "gente": 0.0002765785902738571,
        "vacuna": 0.0002595482801552862,
        "gobierno": 0.00025809157523326576,
        "mil": 0.0002568342024460435,
        "caso": 0.00024535032571293414,
        "país": 0.00024105701595544815,
        "tener": 0.00023961576516740024
    },
    "Tópico 1": {
        " ": 0.00030177575536072254,
        "gente": 0.00027780947857536376,
        "pueblo": 0.00027678441256284714,
        "méxico": 0.0002727013488765806,
        "gobierno": 0.0002539202687330544,
        "caso": 0.00024917969130910933,
        "mil": 0.0002491730556357652,
        "año": 0.00024000585835892707,
        "querer": 0.000239907531067729,
        "tiempo": 0.000238054504734464
    },
    "Tópico 2": {
        " ": 0.0002490900515113026,
        "país": 0.0002356469922233373,
        "méxico": 0.0002351321600144729,
        "pueblo": 0.00023057559155859053,
        "caso": 0.00023053698532748967,
        "mil": 0.00022785807959735394,
        "gobierno": 0.00022571600857190788,
        "año": 0.00022468520910479128,
        "gente": 0.00022163402172736824,
        "tiempo": 0.00021621608175337315
    },
    "Tópico 3": {
        " ": 0.0003181813226547092,
        "gente": 0.00028273736825212836,
        "mil": 0.0002749391715042293,
        "gobierno": 0.000262714660493657,
        "méxico": 0.0002601618180051446,
        "país": 0.00025151262525469065,
        "caso": 0.00025088564143516123,
        "hablar": 0.00024995370768010616,
        "vacuna": 0.00024901589495129883,
        "pueblo": 0.00024693048908375204
    },
    "Tópico 4": {
        " ": 0.00951266661286354,
        "méxico": 0.007400784175843,
        "gente": 0.007213966455310583,
        "pueblo": 0.006996421609073877,
        "mil": 0.006995876785367727,
        "gobierno": 0.00653092423453927,
        "país": 0.005721124820411205,
        "caso": 0.005691107828170061,
        "año": 0.00538084888830781,
        "vacuna": 0.004788941703736782
    },
    "Tópico 5": {
        "gente": 0.0002229219098808244,
        " ": 0.0002185787889175117,
        "mil": 0.00021828251192346215,
        "país": 0.00021680406644009054,
        "méxico": 0.00021617520542349666,
        "pueblo": 0.00021594291320070624,
        "gobierno": 0.00021402853599283844,
        "vacuna": 0.00020820184727199376,
        "hablar": 0.0002071125927614048,
        "caso": 0.00020646635675802827
    },
    "Tópico 6": {
        " ": 0.0004155633505433798,
        "mil": 0.0003286642022430897,
        "pueblo": 0.0003209727583453059,
        "país": 0.0003164144291076809,
        "méxico": 0.00030547688947990537,
        "gente": 0.00030540875741280615,
        "caso": 0.0002931504277512431,
        "gobierno": 0.0002768595877569169,
        "corrupción": 0.00027579290326684713,
        "informar": 0.00027155494899488986
    },
    "Tópico 7": {
        " ": 0.0002706997620407492,
        "gente": 0.00025105150416493416,
        "méxico": 0.0002485628065187484,
        "pueblo": 0.00024543676408939064,
        "mil": 0.00024241273058578372,
        "caso": 0.00022990768775343895,
        "año": 0.000228706092457287,
        "gobierno": 0.0002283494541188702,
        "hablar": 0.00022757923579774797,
        "vacuna": 0.0002259285538457334
    },
    "Tópico 8": {
        "mil": 0.00029579747933894396,
        " ": 0.0002827261050697416,
        "país": 0.00027904502348974347,
        "méxico": 0.00025636586360633373,
        "gente": 0.00024470454081892967,
        "vacuna": 0.0002445754944346845,
        "gobierno": 0.0002442236291244626,
        "caso": 0.0002407606807537377,
        "año": 0.00023967528250068426,
        "pueblo": 0.00023822383082006127
    },
    "Tópico 9": {
        " ": 0.00026311707915738225,
        "gobierno": 0.0002460652613081038,
        "méxico": 0.00023857156338635832,
        "gente": 0.00023439257347490638,
        "mil": 0.00023360773047897965,
        "país": 0.00023174460511654615,
        "pueblo": 0.00023115343356039375,
        "año": 0.00022839652956463397,
        "vacuna": 0.00022500634077005088,
        "hablar": 0.000223309121793136
    }
}