{
    "Tópico 0": {
        " ": 0.0004812301485799253,
        "mil": 0.00022570905275642872,
        "méxico": 0.0002146462065866217,
        "año": 0.00020726096408907324,
        "presidente": 0.00018032625666819513,
        "decir": 0.0001750116643961519,
        "gente": 0.00017416848277207464,
        "tiempo": 0.00017372638103552163,
        "llegar": 0.00017233654216397554,
        "país": 0.00016707766917534173
    },
    "Tópico 1": {
        " ": 0.0004564812406897545,
        "mil": 0.00025807684869505465,
        "año": 0.00020117034728173167,
        "presidente": 0.000191296378034167,
        "méxico": 0.0001817200391087681,
        "pueblo": 0.00018001365242525935,
        "caso": 0.00017902604304254055,
        "tren": 0.00017727413796819746,
        "país": 0.00017700064927339554,
        "gente": 0.00017533452773932368
    },
    "Tópico 2": {
        " ": 0.029692087322473526,
        "mil": 0.008975538425147533,
        "año": 0.006833316292613745,
        "méxico": 0.005836405325680971,
        "presidente": 0.005356254056096077,
        "gente": 0.004506983794271946,
        "pueblo": 0.004377916920930147,
        "decir": 0.004359289538115263,
        "tren": 0.004266978241503239,
        "país": 0.004174939822405577
    },
    "Tópico 3": {
        " ": 0.0003189079579897225,
        "méxico": 0.00019301293650642037,
        "mil": 0.00017835113976616412,
        "presidente": 0.00017213160754181445,
        "año": 0.0001696781109785661,
        "decir": 0.00016855180729180574,
        "llegar": 0.00016725096793379635,
        "pueblo": 0.000161992953508161,
        "tener": 0.00016125447291415185,
        "gente": 0.00016094589955173433
    },
    "Tópico 4": {
        " ": 0.0006279615336097777,
        "mil": 0.00023567631433252245,
        "presidente": 0.00021912452939432114,
        "año": 0.0002142382727470249,
        "méxico": 0.00019514051382429898,
        "caso": 0.00019347845227457583,
        "gobierno": 0.0001892816071631387,
        "tiempo": 0.00018722792447078973,
        "gente": 0.00018681595975067466,
        "millón": 0.0001799565798137337
    },
    "Tópico 5": {
        " ": 0.0003789061156567186,
        "mil": 0.00023807412071619183,
        "año": 0.00019203266128897667,
        "presidente": 0.0001853105059126392,
        "pueblo": 0.00017245802155230194,
        "tren": 0.0001708729687379673,
        "país": 0.00016930207493714988,
        "méxico": 0.00016627999139018357,
        "decir": 0.00016078840417321771,
        "llegar": 0.000158965282025747
    },
    "Tópico 6": {
        " ": 0.0009392708307132125,
        "mil": 0.000349323294358328,
        "año": 0.00033283993252553046,
        "méxico": 0.000261361594311893,
        "tren": 0.00025590884615667164,
        "decir": 0.00024371649487875402,
        "presidente": 0.0002414922055322677,
        "gobierno": 0.00023563549621030688,
        "pueblo": 0.0002337831538170576,
        "tiempo": 0.00022740894928574562
    },
    "Tópico 7": {
        " ": 0.00046609743731096387,
        "mil": 0.0002000056701945141,
        "año": 0.0001841405319282785,
        "gente": 0.0001832458219723776,
        "presidente": 0.00017549539916217327,
        "méxico": 0.00017486911383457482,
        "ver": 0.00016875936125870794,
        "país": 0.00016826728824526072,
        "decir": 0.00016756285913288593,
        "llegar": 0.0001657876855460927
    },
    "Tópico 8": {
        " ": 0.00036104233004152775,
        "mil": 0.00018043250020127743,
        "año": 0.0001721706212265417,
        "méxico": 0.00017136021051555872,
        "ver": 0.0001651933853281662,
        "país": 0.00016224825230892748,
        "presidente": 0.00016034621512517333,
        "decir": 0.00015747635916341096,
        "tener": 0.00015717835049144924,
        "pueblo": 0.0001542583922855556
    },
    "Tópico 9": {
        " ": 0.0003700863162521273,
        "mil": 0.0002087178872898221,
        "año": 0.00018618015747051686,
        "méxico": 0.00018061621813103557,
        "gente": 0.00017309654504060745,
        "presidente": 0.0001653048093430698,
        "ver": 0.00016148758004419506,
        "pueblo": 0.00016057578613981605,
        "tener": 0.00015884224558249116,
        "país": 0.00015741135575808585
    }
}