{
    "Tópico 0": {
        "pueblo": 0.00026657915441319346,
        "gobierno": 0.00026261439779773355,
        "mil": 0.00024507567286491394,
        "méxico": 0.00024069947539828718,
        "año": 0.00023698175209574401,
        "tiempo": 0.0002285139198647812,
        "presidente": 0.0002281040942762047,
        "gente": 0.00022706204617861658,
        "país": 0.00022166378039401025,
        "millón": 0.000221532434807159
    },
    "Tópico 1": {
        "pueblo": 0.007644366007298231,
        "gobierno": 0.007133463863283396,
        "mil": 0.006879562512040138,
        "méxico": 0.006415594834834337,
        "año": 0.0054965694434940815,
        "gente": 0.005137881729751825,
        "presidente": 0.0048847016878426075,
        "tiempo": 0.0046032206155359745,
        "decir": 0.004423420876264572,
        " ": 0.004397754557430744
    },
    "Tópico 2": {
        "pueblo": 0.0003799578407779336,
        "gobierno": 0.00037145413807593286,
        "mil": 0.00035572025808505714,
        "méxico": 0.00035510180168785155,
        "tener": 0.00030535264522768557,
        "año": 0.0002981166180688888,
        " ": 0.0002954868250526488,
        "gente": 0.00028825263143517077,
        "país": 0.00028214085614308715,
        "tiempo": 0.00028102038777433336
    },
    "Tópico 3": {
        "pueblo": 0.000216552842175588,
        "méxico": 0.00020853309251833707,
        "gobierno": 0.00020553568901959807,
        "mil": 0.0002039590763160959,
        "año": 0.00020064522686880082,
        "gente": 0.00019322166917845607,
        "decir": 0.0001914935710374266,
        "tiempo": 0.00019145008991472423,
        "millón": 0.00018752679170574993,
        "país": 0.0001874860463431105
    },
    "Tópico 4": {
        "méxico": 0.0006118165329098701,
        "pueblo": 0.0005328600527718663,
        "gente": 0.0005252717528492212,
        "año": 0.0004968688590452075,
        "gobierno": 0.0004883321817032993,
        "presidente": 0.000436390662798658,
        "decir": 0.0004262830480001867,
        "mil": 0.00042312880395911634,
        " ": 0.0004153491463512182,
        "tiempo": 0.000373499613488093
    },
    "Tópico 5": {
        "pueblo": 0.00024636898888275027,
        "mil": 0.00023948951275087893,
        "gobierno": 0.00022730688215233386,
        "año": 0.00021671655122190714,
        " ": 0.00021553259284701198,
        "gente": 0.00021019575069658458,
        "méxico": 0.00020373846928123385,
        "tiempo": 0.00020125493756495416,
        "tener": 0.00020076642977073789,
        "país": 0.00019915409211535007
    },
    "Tópico 6": {
        "pueblo": 0.00023488955048378557,
        "gobierno": 0.0002280504850205034,
        "mil": 0.00022623996483162045,
        "méxico": 0.0002235924475826323,
        "año": 0.00022103145602159202,
        "decir": 0.00020693660189863294,
        "presidente": 0.00020608889462891966,
        "gente": 0.00020116459927521646,
        "millón": 0.0002002304681809619,
        "tiempo": 0.0001987663854379207
    },
    "Tópico 7": {
        "pueblo": 0.0002455120556987822,
        "gobierno": 0.00023246313503477722,
        "gente": 0.00022807065397500992,
        "ver": 0.000216771979467012,
        "año": 0.00021213472064118832,
        "presidente": 0.0002098296390613541,
        "llegar": 0.00020858518837485462,
        "méxico": 0.00020714169659186155,
        "tiempo": 0.0002060226397588849,
        " ": 0.00020460943051148206
    },
    "Tópico 8": {
        "gobierno": 0.000243632253841497,
        "pueblo": 0.00023269510711543262,
        "méxico": 0.00023124147264752537,
        "mil": 0.00021855013619642705,
        "tener": 0.00021549343364313245,
        "ver": 0.00021399282559286803,
        "gente": 0.00021027153707109392,
        "decir": 0.00020824144303333014,
        "caso": 0.00020664084877353162,
        "tiempo": 0.00020606422913260758
    },
    "Tópico 9": {
        "mil": 0.0002235959400422871,
        "gobierno": 0.0002166786725865677,
        "pueblo": 0.00021492716041393578,
        "méxico": 0.00021223047224339098,
        "año": 0.00020373707229737192,
        "gente": 0.00020243905601091683,
        "querer": 0.00019792707462329417,
        "decir": 0.00019784225150942802,
        "tiempo": 0.00019668189634103328,
        "país": 0.00019562341913115233
    }
}