{
    "Tópico 0": {
        "gobierno": 0.00031590319122187793,
        "mil": 0.0002953151415567845,
        "ducto": 0.00029446493135765195,
        "gente": 0.0002813240571413189,
        "méxico": 0.0002805959084071219,
        "información": 0.00027838227106258273,
        "pueblo": 0.0002756217145361006,
        "problema": 0.0002747134421952069,
        "corrupción": 0.0002732077264226973,
        "combustible": 0.000270581484073773
    },
    "Tópico 1": {
        "ducto": 0.00031314624357037246,
        "gente": 0.0003054159169550985,
        "mil": 0.0003039657894987613,
        "combustible": 0.0002985128667205572,
        "corrupción": 0.0002974056114908308,
        "méxico": 0.0002864399866666645,
        "robo": 0.000284102774458006,
        "gobierno": 0.00028262470732443035,
        "caso": 0.00028260014369152486,
        "tiempo": 0.000279492320260033
    },
    "Tópico 2": {
        "mil": 0.008748739026486874,
        "gobierno": 0.00801841076463461,
        "combustible": 0.007512893993407488,
        "ducto": 0.007355839014053345,
        "información": 0.006723000202327967,
        "gente": 0.006434732116758823,
        "corrupción": 0.0060886298306286335,
        "méxico": 0.005359050817787647,
        "gasolina": 0.005231923423707485,
        "tiempo": 0.005199979525059462
    },
    "Tópico 3": {
        "información": 0.00030047717154957354,
        "combustible": 0.0002980560529977083,
        "mil": 0.0002949202316813171,
        "gobierno": 0.0002939881233032793,
        "gente": 0.0002939804980996996,
        "pueblo": 0.00028417917201295495,
        "gasolina": 0.0002841488749254495,
        "robo": 0.0002825808187481016,
        "problema": 0.0002799584763124585,
        "tiempo": 0.0002791819570120424
    },
    "Tópico 4": {
        "mil": 0.00034636049531400204,
        "ducto": 0.0003302170371171087,
        "gobierno": 0.00032660370925441384,
        "información": 0.00031810931977815926,
        "gente": 0.00031247088918462396,
        "combustible": 0.00031189361470751464,
        "país": 0.0003088874218519777,
        "gasolina": 0.0003078957088291645,
        "robo": 0.0002990432840306312,
        "corrupción": 0.00029854520107619464
    },
    "Tópico 5": {
        "gobierno": 0.0009110620594583452,
        "mil": 0.0008342511719092727,
        "combustible": 0.0007543975953012705,
        "gente": 0.0006866818876005709,
        "ducto": 0.0006336699007079005,
        "país": 0.0006018953863531351,
        "problema": 0.000557228981051594,
        "tiempo": 0.0005556463147513568,
        "plan": 0.0005447587464004755,
        "información": 0.0005429137381725013
    },
    "Tópico 6": {
        "mil": 0.0004145260900259018,
        "combustible": 0.0003885501646436751,
        "corrupción": 0.0003846120380330831,
        "gobierno": 0.00037411312223412097,
        "gente": 0.00036101252771914005,
        "información": 0.00035247032064944506,
        "ducto": 0.0003441153676249087,
        "ayudar": 0.00034038990270346403,
        "caso": 0.00033419381361454725,
        "gasolina": 0.0003329168539494276
    },
    "Tópico 7": {
        "mil": 0.00029618776170536876,
        "gobierno": 0.00028024555649608374,
        "combustible": 0.0002719259646255523,
        "información": 0.00027083969325758517,
        "gente": 0.00026543744024820626,
        "tiempo": 0.00026333529967814684,
        "país": 0.00026283293846063316,
        "pueblo": 0.00026249332586303353,
        "corrupción": 0.0002604667388368398,
        "ducto": 0.0002602783788461238
    },
    "Tópico 8": {
        "ducto": 0.00028871276299469173,
        "combustible": 0.0002809870638884604,
        "mil": 0.0002801582159008831,
        "información": 0.0002757804177235812,
        "gobierno": 0.0002707034000195563,
        "gente": 0.00026701472233980894,
        "corrupción": 0.0002656618307810277,
        "hablar": 0.00026542521663941443,
        "méxico": 0.000262366549577564,
        "plan": 0.00026110647013410926
    },
    "Tópico 9": {
        "ducto": 0.0003099605382885784,
        "mil": 0.00029505795100703835,
        "ayudar": 0.00029240563162602484,
        "combustible": 0.0002923472202382982,
        "gobierno": 0.0002888467279262841,
        "información": 0.0002834592596627772,
        "corrupción": 0.0002830619632732123,
        "méxico": 0.0002794472093228251,
        "gente": 0.00027776582282967865,
        "tiempo": 0.0002728120016399771
    }
}