{
    "Tópico 0": {
        "méxico": 0.00026896598865278065,
        "pueblo": 0.0002472739724908024,
        "gobierno": 0.00022689490288030356,
        "tiempo": 0.0002234171552117914,
        "gente": 0.00022137249470688403,
        "año": 0.0002210226666647941,
        "empresa": 0.00021995890710968524,
        "hablar": 0.00021687296975869685,
        "mil": 0.00021680961071979254,
        "caso": 0.0002157400595024228
    },
    "Tópico 1": {
        "méxico": 0.0002907624584622681,
        "gobierno": 0.0002899245300795883,
        "pueblo": 0.0002884546120185405,
        "tiempo": 0.0002592291566543281,
        "año": 0.0002564176684245467,
        "gente": 0.00025003691553138196,
        "mil": 0.00024494132958352566,
        "empresa": 0.00024101510643959045,
        "millón": 0.00023805956880096346,
        "país": 0.00023747445084154606
    },
    "Tópico 2": {
        "pueblo": 0.0002484251162968576,
        "méxico": 0.0002457642403896898,
        "gobierno": 0.00023749523097649217,
        "año": 0.00023193760716821998,
        "mil": 0.0002248040837002918,
        "empresa": 0.000222249494981952,
        "tener": 0.00022187974536791444,
        "querer": 0.00021954263502266258,
        "ver": 0.000218814195250161,
        "tiempo": 0.0002184027835028246
    },
    "Tópico 3": {
        "méxico": 0.008133056573569775,
        "pueblo": 0.007865823805332184,
        "gobierno": 0.006758790463209152,
        "gente": 0.005892131477594376,
        "tiempo": 0.0058048320934176445,
        "año": 0.005774128250777721,
        "mil": 0.0055939010344445705,
        "millón": 0.004935064353048801,
        "decir": 0.004845942370593548,
        "empresa": 0.004486605059355497
    },
    "Tópico 4": {
        "méxico": 0.0002431694883853197,
        "pueblo": 0.00023694033734500408,
        "gente": 0.0002270561526529491,
        "mil": 0.00022527216060552746,
        "caso": 0.00022254945361055434,
        "gobierno": 0.00022222283587325364,
        "tiempo": 0.00021517148707062006,
        "empresa": 0.000213999068364501,
        "año": 0.0002126047620549798,
        "público": 0.00020948243036400527
    },
    "Tópico 5": {
        "méxico": 0.0005693894345313311,
        "pueblo": 0.0005037735099904239,
        "gobierno": 0.00046758129610680044,
        "gente": 0.00042705240775831044,
        "millón": 0.000416762224631384,
        "mil": 0.00041040111682377756,
        "hablar": 0.00040670332964509726,
        "decir": 0.00039684688090346754,
        "país": 0.0003928882069885731,
        "querer": 0.0003787741588894278
    },
    "Tópico 6": {
        "méxico": 0.0002655358985066414,
        "gente": 0.00024156503786798567,
        "pueblo": 0.0002396019990555942,
        "tiempo": 0.00022739208361599594,
        "país": 0.00022725804592482746,
        "público": 0.00022574124159291387,
        "gobierno": 0.00022535011521540582,
        "año": 0.00022397583234123886,
        "millón": 0.0002215078566223383,
        "hablar": 0.00022029716637916863
    },
    "Tópico 7": {
        "méxico": 0.0002607449423521757,
        "gobierno": 0.0002531041100155562,
        "millón": 0.000251526857027784,
        "gente": 0.00023722877085674554,
        "año": 0.00023441339726559818,
        "pueblo": 0.00023418151249643415,
        "decir": 0.00022963857918512076,
        "querer": 0.00022509363770950586,
        "empresa": 0.00022495989105664194,
        "presidente": 0.00022183651162777096
    },
    "Tópico 8": {
        "pueblo": 0.0002590279036667198,
        "gobierno": 0.0002481493283994496,
        "año": 0.00023749226238578558,
        "gente": 0.00023386000248137861,
        "méxico": 0.0002321617357665673,
        "mil": 0.00022991703008301556,
        "hablar": 0.00022951170103624463,
        "tiempo": 0.0002276141312904656,
        "decir": 0.0002264460053993389,
        "tener": 0.0002253046986879781
    },
    "Tópico 9": {
        "méxico": 0.00026138994144275784,
        "gobierno": 0.0002437446964904666,
        "pueblo": 0.00024350857711397111,
        "gente": 0.00023536427761428058,
        "tiempo": 0.00023264122137334198,
        "mil": 0.00023075957142282277,
        "país": 0.00022372996318154037,
        "ver": 0.00022289624030236155,
        "año": 0.0002206040662713349,
        "decir": 0.0002205193741247058
    }
}