{
    "Tópico 0": {
        "mil": 0.0003194109594915062,
        "combustible": 0.00030298513593152165,
        "información": 0.00029407901456579566,
        "ducto": 0.000292602286208421,
        "méxico": 0.00029206465114839375,
        "corrupción": 0.0002914322249125689,
        "gobierno": 0.00028881049365736544,
        "gasolina": 0.0002787451376207173,
        "gente": 0.0002783058152999729,
        "caso": 0.0002711622801143676
    },
    "Tópico 1": {
        "gobierno": 0.000521557405591011,
        "mil": 0.0005005233106203377,
        "gente": 0.00048745222738943994,
        "combustible": 0.0004843607603106648,
        "ducto": 0.00046137042227201164,
        "méxico": 0.0004581358516588807,
        "problema": 0.00043503366759978235,
        "pueblo": 0.000433180044637993,
        "corrupción": 0.0004315569531172514,
        "tiempo": 0.0004261725989636034
    },
    "Tópico 2": {
        "mil": 0.0003438723797444254,
        "ducto": 0.0003219035279471427,
        "información": 0.0003181853680871427,
        "gobierno": 0.000315322628011927,
        "corrupción": 0.0003060316084884107,
        "pueblo": 0.00029405165696516633,
        "combustible": 0.00029171971254982054,
        "gente": 0.0002883225097320974,
        "méxico": 0.0002875426725950092,
        "hablar": 0.00028577144257724285
    },
    "Tópico 3": {
        "combustible": 0.00036203971831128,
        "gobierno": 0.0003589415573514998,
        "mil": 0.0003139580076094717,
        "méxico": 0.0003104301285929978,
        "país": 0.0003070723614655435,
        "pueblo": 0.00030545491608791053,
        "ducto": 0.00030537668499164283,
        "información": 0.00030349791632033885,
        "corrupción": 0.00030286170658655465,
        "gente": 0.0003014933317899704
    },
    "Tópico 4": {
        "combustible": 0.0003137571911793202,
        "mil": 0.0003063083568122238,
        "gente": 0.00029737624572589993,
        "información": 0.000295788049697876,
        "país": 0.0002953056537080556,
        "ducto": 0.00029254454420879483,
        "tiempo": 0.00029180379351601005,
        "corrupción": 0.00028664697310887277,
        "gasolina": 0.0002800463407766074,
        "gobierno": 0.0002757377515081316
    },
    "Tópico 5": {
        "gobierno": 0.000340256723575294,
        "mil": 0.00031745355227030814,
        "combustible": 0.0003158251929562539,
        "corrupción": 0.00030236729071475565,
        "información": 0.00030217994935810566,
        "ducto": 0.00029423454543575644,
        "gasolina": 0.0002904660068452358,
        "gente": 0.0002885079593397677,
        "problema": 0.00028634403133764863,
        "méxico": 0.0002850217279046774
    },
    "Tópico 6": {
        "mil": 0.008750880137085915,
        "gobierno": 0.00801983755081892,
        "combustible": 0.007514636963605881,
        "ducto": 0.007356586866080761,
        "información": 0.006722127087414265,
        "gente": 0.006437079980969429,
        "corrupción": 0.006087919231504202,
        "méxico": 0.0053576393984258175,
        "gasolina": 0.005231390707194805,
        "tiempo": 0.0051991599611938
    },
    "Tópico 7": {
        "información": 0.00032698491122573614,
        "combustible": 0.00031983060762286186,
        "gobierno": 0.0003195438766852021,
        "tiempo": 0.00031738661346025765,
        "ducto": 0.0003159866901114583,
        "mil": 0.0002997682604473084,
        "gente": 0.0002933716750703752,
        "méxico": 0.0002875840291380882,
        "problema": 0.00028620779630728066,
        "ayudar": 0.0002843660186044872
    },
    "Tópico 8": {
        "gobierno": 0.0003382363065611571,
        "mil": 0.00033696068567223847,
        "gente": 0.0003135599254164845,
        "ducto": 0.0003098644083365798,
        "combustible": 0.0003067949437536299,
        "información": 0.0003011860535480082,
        "corrupción": 0.00029918289510533214,
        "pueblo": 0.0002883608976844698,
        "gasolina": 0.0002829649893101305,
        "ayudar": 0.00028105484670959413
    },
    "Tópico 9": {
        "gobierno": 0.0006171755376271904,
        "mil": 0.000612493313383311,
        "ducto": 0.0005177641287446022,
        "tiempo": 0.0005109430057927966,
        "información": 0.000508553406689316,
        "caso": 0.000491224811412394,
        "gasolina": 0.000488906807731837,
        "méxico": 0.0004836467851419002,
        "combustible": 0.0004702538135461509,
        "hablar": 0.00046859358553774655
    }
}