{
    "Tópico 0": {
        " ": 0.00027881647110916674,
        "méxico": 0.0002321389183634892,
        "mil": 0.00021805016149301082,
        "pueblo": 0.00020860819495283067,
        "gobierno": 0.00020556691742967814,
        "presidente": 0.0002052515046671033,
        "gente": 0.00020483098342083395,
        "decir": 0.0002047614980256185,
        "país": 0.00020431687880773097,
        "ver": 0.00020172297081444412
    },
    "Tópico 1": {
        " ": 0.00024415049119852483,
        "gente": 0.00019302466535009444,
        "pueblo": 0.00018818762328010052,
        "país": 0.00018771585018839687,
        "hablar": 0.0001876325550256297,
        "caso": 0.00018741226813290268,
        "gobierno": 0.00018666969845071435,
        "presidente": 0.00018647951947059482,
        "méxico": 0.00018517518765293062,
        "decir": 0.00018431319040246308
    },
    "Tópico 2": {
        " ": 0.00019700874690897763,
        "méxico": 0.00018948416982311755,
        "gente": 0.00018365767027717084,
        "pueblo": 0.0001762035972205922,
        "año": 0.00017580225539859384,
        "presidente": 0.0001738021819619462,
        "mil": 0.0001735761616146192,
        "caso": 0.00017300169565714896,
        "hablar": 0.00017230618686880916,
        "ver": 0.0001708861527731642
    },
    "Tópico 3": {
        " ": 0.001413593185134232,
        "gente": 0.0009819541592150927,
        "presidente": 0.0009322563419118524,
        "mil": 0.0008437125361524522,
        "pueblo": 0.0008234116248786449,
        "decir": 0.000772796687670052,
        "año": 0.0007606305298395455,
        "país": 0.0007214212091639638,
        "méxico": 0.0007142242975533009,
        "gobierno": 0.0007027530809864402
    },
    "Tópico 4": {
        " ": 0.010441676713526249,
        "méxico": 0.007051618304103613,
        "pueblo": 0.005964880809187889,
        "gente": 0.0059410990215837955,
        "mil": 0.005922191310673952,
        "presidente": 0.005708079319447279,
        "país": 0.0054773688316345215,
        "decir": 0.005349467508494854,
        "gobierno": 0.004967689514160156,
        "año": 0.004796691704541445
    },
    "Tópico 5": {
        " ": 0.00021741402451880276,
        "país": 0.00019501503265928477,
        "presidente": 0.00018939495203085244,
        "méxico": 0.0001884113298729062,
        "pueblo": 0.00018085376359522343,
        "gobierno": 0.00018078961875289679,
        "mil": 0.00018011484644375741,
        "caso": 0.00017884947010315955,
        "querer": 0.00017732726701069623,
        "hablar": 0.00017357690376229584
    },
    "Tópico 6": {
        " ": 0.00023352271819021553,
        "mil": 0.00020615359244402498,
        "méxico": 0.0002060315600829199,
        "pueblo": 0.00019499282643664628,
        "presidente": 0.00019193046318832785,
        "gobierno": 0.00018832871865015477,
        "decir": 0.00018765947606880218,
        "hablar": 0.00018764509877655655,
        "año": 0.00018705961701925844,
        "tener": 0.00018560746684670448
    },
    "Tópico 7": {
        " ": 0.00024296970514114946,
        "pueblo": 0.00022288720356300473,
        "méxico": 0.00021736876806244254,
        "presidente": 0.00020775359007529914,
        "gente": 0.000203415984287858,
        "país": 0.0002023558336077258,
        "mil": 0.0002021078544203192,
        "gobierno": 0.00019427573715802282,
        "hablar": 0.0001924366515595466,
        "corrupción": 0.0001896582980407402
    },
    "Tópico 8": {
        " ": 0.0002457322843838483,
        "méxico": 0.0002081632410408929,
        "mil": 0.0002059213729808107,
        "pueblo": 0.00020352783030830324,
        "año": 0.00019921291095670313,
        "país": 0.00019888888346031308,
        "decir": 0.00019830944074783474,
        "gente": 0.0001982833055080846,
        "caso": 0.00019023225468117744,
        "tiempo": 0.00018376143998466432
    },
    "Tópico 9": {
        " ": 0.00025489923427812755,
        "gente": 0.00021922127052675933,
        "país": 0.00021901130094192922,
        "méxico": 0.00021553051192313433,
        "decir": 0.00020827754633501172,
        "presidente": 0.00020591277279891074,
        "pueblo": 0.00020099400717299432,
        "ver": 0.00019840248569380492,
        "hablar": 0.00019680478726513684,
        "tiempo": 0.00019470666302368045
    }
}