{
    "Tópico 0": {
        "gobierno": 0.00022442014596890658,
        "caso": 0.0002200531744165346,
        "año": 0.0002164096658816561,
        "salud": 0.0002159897267119959,
        "tiempo": 0.00021058217680547386,
        "atender": 0.00020815440802834928,
        "decir": 0.00020776175369974226,
        "gente": 0.00020762022177223116,
        "querer": 0.00020610526553355157,
        "méxico": 0.00020513702475000173
    },
    "Tópico 1": {
        "caso": 0.0002454803616274148,
        "méxico": 0.0002337395417271182,
        "año": 0.0002313069999217987,
        "gobierno": 0.00022795471886638552,
        "tiempo": 0.00022457828163169324,
        "mil": 0.00022281878045760095,
        "atender": 0.00022247759625315666,
        "médico": 0.00022037264716345817,
        "gente": 0.00021767611906398088,
        "pueblo": 0.0002174419059883803
    },
    "Tópico 2": {
        "caso": 0.00036306874244473875,
        "salud": 0.00036150700179859996,
        "público": 0.000336892728228122,
        "mil": 0.000332935102051124,
        "gobierno": 0.00032450741855427623,
        "pueblo": 0.000323499902151525,
        "empresa": 0.00031474512070417404,
        "querer": 0.00031069936812855303,
        "tiempo": 0.000310365081531927,
        "hablar": 0.00030655181035399437
    },
    "Tópico 3": {
        "año": 0.00022838456789031625,
        "caso": 0.00022431906836573035,
        "salud": 0.00021268028649501503,
        "gente": 0.00020753839635290205,
        "dinero": 0.00020727154333144426,
        "avión": 0.0002037015656242147,
        "gobierno": 0.0002034945646300912,
        "empresa": 0.00020334916189312935,
        "mil": 0.00020096810476388782,
        "ayudar": 0.00020045875862706453
    },
    "Tópico 4": {
        "caso": 0.007379970047622919,
        "salud": 0.006043056957423687,
        "gobierno": 0.005796781275421381,
        "año": 0.005548176355659962,
        "gente": 0.005449485499411821,
        "mil": 0.005373835563659668,
        "tiempo": 0.005151569843292236,
        "méxico": 0.005052841268479824,
        "hablar": 0.004880347289144993,
        "atender": 0.0046323370188474655
    },
    "Tópico 5": {
        "caso": 0.0002992382796946913,
        "tiempo": 0.00025590838049538434,
        "gobierno": 0.0002555710088927299,
        "empresa": 0.0002507436729501933,
        "mil": 0.00025020065368153155,
        "gente": 0.00024918944109231234,
        "año": 0.00024245274835266173,
        "atender": 0.00023964251158758998,
        "salud": 0.00023915142810437828,
        "hablar": 0.0002388544089626521
    },
    "Tópico 6": {
        "caso": 0.0003601501521188766,
        "mil": 0.00035464996472001076,
        "méxico": 0.00034121188218705356,
        "salud": 0.0003384262090548873,
        "gente": 0.00033010769402608275,
        "tiempo": 0.0003153512079734355,
        "público": 0.00031107026734389365,
        "año": 0.0003109225654043257,
        "atender": 0.00028800248401239514,
        "querer": 0.0002861899556592107
    },
    "Tópico 7": {
        "caso": 0.00023472444445360452,
        "año": 0.00021981306781526655,
        "salud": 0.00021876792015973479,
        "mil": 0.0002140638534910977,
        "importante": 0.00021346259745769203,
        "empresa": 0.00021249685960356146,
        "gobierno": 0.0002122253063134849,
        "país": 0.0002080769627355039,
        "tiempo": 0.00020746358495671302,
        "atender": 0.00020296825096011162
    },
    "Tópico 8": {
        "caso": 0.00026399228954687715,
        "salud": 0.0002605152840260416,
        "año": 0.0002465667203068733,
        "tiempo": 0.00024649599799886346,
        "gente": 0.00024458294501528144,
        "gobierno": 0.00024002441205084324,
        "mil": 0.0002338731719646603,
        "méxico": 0.00023211463121697307,
        "querer": 0.00023156151291914284,
        "público": 0.00022733832884114236
    },
    "Tópico 9": {
        "caso": 0.0002562442095950246,
        "mil": 0.00024290737928822637,
        "gobierno": 0.00023163399600889534,
        "derecho": 0.00022981793154031038,
        "salud": 0.00022769566567149013,
        "atender": 0.00022618869843427092,
        "hablar": 0.00022217186051420867,
        "querer": 0.00022160926891956478,
        "gente": 0.00022152229212224483,
        "decir": 0.0002201781899202615
    }
}