{
    "Tópico 0": {
        " ": 0.0011511818738654256,
        "mil": 0.00032845939858816564,
        "millón": 0.00029883175739087164,
        "año": 0.00029066394199617207,
        "ver": 0.0002855490893125534,
        "méxico": 0.0002854024642147124,
        "país": 0.00028465845389291644,
        "ayudar": 0.0002817407948896289,
        "decir": 0.0002813978644553572,
        "gobierno": 0.000279111263807863
    },
    "Tópico 1": {
        " ": 0.00037948726094327867,
        "mil": 0.00022927123063709587,
        "año": 0.00021562623442150652,
        "decir": 0.00021451896463986486,
        "millón": 0.00021331413881853223,
        "gobierno": 0.00021058447600807995,
        "pueblo": 0.00020802972721867263,
        "tiempo": 0.00020692299585789442,
        "gente": 0.00020635825057979673,
        "país": 0.0002060862461803481
    },
    "Tópico 2": {
        " ": 0.00048682879423722625,
        "mil": 0.00025265253498218954,
        "año": 0.00023988440807443112,
        "millón": 0.00023800236522220075,
        "gente": 0.00022747015464119613,
        "gobierno": 0.00022123067174106836,
        "decir": 0.0002190473023802042,
        "méxico": 0.0002129136264557019,
        "pueblo": 0.0002101593854604289,
        "presidente": 0.0002082084392895922
    },
    "Tópico 3": {
        " ": 0.028820965439081192,
        "mil": 0.006631827913224697,
        "año": 0.006156744435429573,
        "gobierno": 0.00545600987970829,
        "pueblo": 0.005356555804610252,
        "millón": 0.005355984438210726,
        "méxico": 0.0052311355248093605,
        "gente": 0.005131283309310675,
        "decir": 0.0048308041878044605,
        "querer": 0.0044804224744439125
    },
    "Tópico 4": {
        " ": 0.0003796562959905714,
        "gente": 0.0002109747874783352,
        "mil": 0.00020796735771000385,
        "querer": 0.00020393457089085132,
        "año": 0.00020155923266429454,
        "llegar": 0.00020085823780391365,
        "gobierno": 0.0001998598309000954,
        "decir": 0.0001987222785828635,
        "tiempo": 0.00019613328913692385,
        "pueblo": 0.00019515898020472378
    },
    "Tópico 5": {
        " ": 0.0004655438242480159,
        "año": 0.0002214098785771057,
        "mil": 0.00021298672072589397,
        "méxico": 0.00021222031500656158,
        "país": 0.00021213892614468932,
        "gobierno": 0.00020896732166875154,
        "pueblo": 0.0001989819429581985,
        "millón": 0.00019696931121870875,
        "decir": 0.00019691098714247346,
        "tiempo": 0.0001958477805601433
    },
    "Tópico 6": {
        " ": 0.00044046889524906874,
        "año": 0.0002262491179862991,
        "gobierno": 0.00022296130191534758,
        "público": 0.00022190427989698946,
        "millón": 0.00021525910415221006,
        "pueblo": 0.00021305969858076423,
        "gente": 0.00021280095097608864,
        "país": 0.00021223239309620112,
        "querer": 0.0002100481215165928,
        "mil": 0.0002097463293466717
    },
    "Tópico 7": {
        " ": 0.00033697873004712164,
        "méxico": 0.00020186291658319533,
        "gobierno": 0.00019396579591557384,
        "decir": 0.00019259938562754542,
        "querer": 0.0001921746734296903,
        "pueblo": 0.00019039149628952146,
        "mil": 0.00018919663853012025,
        "público": 0.00018875290697906166,
        "millón": 0.00018851360073313117,
        "país": 0.000187183017260395
    },
    "Tópico 8": {
        " ": 0.0005623477627523243,
        "año": 0.00024932550149969757,
        "mil": 0.00024243007646873593,
        "país": 0.00021903809101786464,
        "gente": 0.0002189431106671691,
        "pueblo": 0.00021654207375831902,
        "hablar": 0.00021607318194583058,
        "méxico": 0.00021602149354293942,
        "gobierno": 0.0002143814053852111,
        "tener": 0.00021197456226218492
    },
    "Tópico 9": {
        " ": 0.00044378702295944095,
        "mil": 0.0002525413001421839,
        "gobierno": 0.0002448886225465685,
        "pueblo": 0.00023957467055879533,
        "millón": 0.00022969070414546877,
        "año": 0.00022822809114586562,
        "caso": 0.00022693409118801355,
        "público": 0.0002222730399807915,
        "méxico": 0.00022185445413924754,
        "llegar": 0.00021561456378549337
    }
}