{
    "Tópico 0": {
        "mil": 0.0003235705953557044,
        "gobierno": 0.000322751555358991,
        "ducto": 0.0003209813730791211,
        "combustible": 0.00031376886181533337,
        "pueblo": 0.0003076731227338314,
        "información": 0.0003060743911191821,
        "gente": 0.0002995891263708472,
        "corrupción": 0.00029753631679341197,
        "méxico": 0.00029750433168374,
        "gasolina": 0.0002962957660201937
    },
    "Tópico 1": {
        "gobierno": 0.0002890306059271097,
        "combustible": 0.00028539402410387993,
        "mil": 0.00028303806902840734,
        "información": 0.00027643749490380287,
        "gente": 0.00027293580933474004,
        "corrupción": 0.00026862917002290487,
        "país": 0.0002676011936273426,
        "ducto": 0.0002664076164364815,
        "pueblo": 0.0002664042403921485,
        "ayudar": 0.00026332991546951234
    },
    "Tópico 2": {
        "mil": 0.0003406332980375737,
        "gobierno": 0.00031608346034772694,
        "combustible": 0.0003148273390252143,
        "méxico": 0.00030831643380224705,
        "ducto": 0.0003043130272999406,
        "corrupción": 0.0002940207195933908,
        "información": 0.0002906036679632962,
        "tiempo": 0.00028421010938473046,
        "ayudar": 0.0002826130366884172,
        "millón": 0.00028142071096226573
    },
    "Tópico 3": {
        "combustible": 0.00034867823706008494,
        "gobierno": 0.0003482630418147892,
        "gente": 0.00033780059311538935,
        "mil": 0.0003327385347802192,
        "corrupción": 0.00032828879193402827,
        "información": 0.0003212809097021818,
        "gasolina": 0.00031186171690933406,
        "ducto": 0.0003014508110936731,
        "robo": 0.0003009814245160669,
        "ayudar": 0.0002966028987430036
    },
    "Tópico 4": {
        "mil": 0.0003405041352380067,
        "combustible": 0.00030540383886545897,
        "información": 0.0002902167325373739,
        "méxico": 0.0002852673060260713,
        "país": 0.00028484503854997456,
        "tiempo": 0.0002781842486001551,
        "pueblo": 0.00027536842389963567,
        "gente": 0.0002720578631851822,
        "ducto": 0.0002697887539397925,
        "gobierno": 0.00026933252229355276
    },
    "Tópico 5": {
        "gobierno": 0.00038319110171869397,
        "corrupción": 0.00036053979420103133,
        "combustible": 0.00035450520226731896,
        "mil": 0.0003496011486276984,
        "gente": 0.0003481735766399652,
        "méxico": 0.00034669035812839866,
        "información": 0.00033403842826373875,
        "ducto": 0.0003231539449188858,
        "ayudar": 0.0003183658991474658,
        "problema": 0.0003162661159876734
    },
    "Tópico 6": {
        "gobierno": 0.00035532156471163034,
        "mil": 0.0003532665432430804,
        "ducto": 0.0003467115166131407,
        "combustible": 0.0003381543792784214,
        "gente": 0.0003364427830092609,
        "corrupción": 0.0003280428936704993,
        "méxico": 0.0003276540955994278,
        "información": 0.00032431018189527094,
        "ayudar": 0.0003213681047782302,
        "pueblo": 0.0003104903153143823
    },
    "Tópico 7": {
        "mil": 0.008749919943511486,
        "gobierno": 0.00802064873278141,
        "combustible": 0.007513067219406366,
        "ducto": 0.0073560322634875774,
        "información": 0.006721869111061096,
        "gente": 0.006436218973249197,
        "corrupción": 0.00608705123886466,
        "méxico": 0.005357852205634117,
        "gasolina": 0.005231961142271757,
        "tiempo": 0.005200382322072983
    },
    "Tópico 8": {
        "ducto": 0.0003262542886659503,
        "mil": 0.0003233960014767945,
        "combustible": 0.0003170910640619695,
        "gobierno": 0.00030265486566349864,
        "tener": 0.00028943209326826036,
        "gente": 0.00028880799072794616,
        "corrupción": 0.00028845545602962375,
        "gasolina": 0.0002878101950045675,
        "problema": 0.0002851951285265386,
        "país": 0.00028475787257775664
    },
    "Tópico 9": {
        "gobierno": 0.0003039630246348679,
        "mil": 0.00029910754528827965,
        "ducto": 0.00029563065618276596,
        "combustible": 0.00029315557912923396,
        "información": 0.00028497856692411005,
        "país": 0.0002818572975229472,
        "corrupción": 0.00027963719912804663,
        "robo": 0.00027595367282629013,
        "gasolina": 0.0002725013764575124,
        "tiempo": 0.0002714648435357958
    }
}