{
    "Tópico 0": {
        "méxico": 0.00040624727262184024,
        "vacuna": 0.0004027723043691367,
        "mil": 0.00039160900632850826,
        "gobierno": 0.0003404789022170007,
        "país": 0.0003189147973898798,
        " ": 0.00030883215367794037,
        "trabajador": 0.00029971421463415027,
        "año": 0.0002913724456448108,
        "informar": 0.00028797233244404197,
        "pueblo": 0.00028684004792012274
    },
    "Tópico 1": {
        "mil": 0.00027739230426959693,
        "vacuna": 0.00027602174668572843,
        "gobierno": 0.0002617028949316591,
        "méxico": 0.00025843342882581055,
        "pueblo": 0.0002551025536376983,
        " ": 0.0002474052889738232,
        "país": 0.00024293559545185417,
        "año": 0.00024158330052159727,
        "público": 0.00023763685021549463,
        "millón": 0.0002341895888093859
    },
    "Tópico 2": {
        "gobierno": 0.0002624768821988255,
        "mil": 0.00026077701477333903,
        "méxico": 0.00025699925026856363,
        "vacuna": 0.00025135092437267303,
        " ": 0.00023504793352913111,
        "hablar": 0.00022785058536101133,
        "millón": 0.00022603916295338422,
        "vacunación": 0.00022442088811658323,
        "vacunar": 0.00022420518507715315,
        "país": 0.00022388210345525295
    },
    "Tópico 3": {
        "vacuna": 0.0017028715228661895,
        "mil": 0.0012738374061882496,
        "gobierno": 0.001192714786157012,
        " ": 0.0011665542842820287,
        "méxico": 0.0011634556576609612,
        "país": 0.0010319292778149247,
        "año": 0.0009558616438880563,
        "pueblo": 0.0009286875720135868,
        "tiempo": 0.000864220317453146,
        "vacunar": 0.0007858950411900878
    },
    "Tópico 4": {
        "gobierno": 0.00025722573627717793,
        "vacuna": 0.0002554180973675102,
        "méxico": 0.00024086663324851543,
        "mil": 0.00023916763893794268,
        "país": 0.00023518750094808638,
        " ": 0.00023427075939252973,
        "vacunación": 0.00023155879171099514,
        "millón": 0.00022886291844770312,
        "pueblo": 0.00022817023273091763,
        "seguir": 0.00022745154274161905
    },
    "Tópico 5": {
        "mil": 0.009022731333971024,
        "vacuna": 0.008947347290813923,
        "gobierno": 0.008655584417283535,
        "méxico": 0.007848018780350685,
        " ": 0.006404129788279533,
        "pueblo": 0.005265634506940842,
        "país": 0.005095165688544512,
        "millón": 0.004799884278327227,
        "año": 0.004626115318387747,
        "tiempo": 0.004527412820607424
    },
    "Tópico 6": {
        "mil": 0.0002773469896055758,
        "gobierno": 0.00026116319349966943,
        "vacuna": 0.0002585751935839653,
        "méxico": 0.0002517497632652521,
        " ": 0.00024503408349119127,
        "informar": 0.00023485897690989077,
        "salud": 0.00023388172849081457,
        "público": 0.0002322149375686422,
        "decir": 0.00022777108824811876,
        "millón": 0.00022766143956687301
    },
    "Tópico 7": {
        "mil": 0.00038270195364020765,
        "méxico": 0.00034877529833465815,
        "vacuna": 0.0003478117287158966,
        "gobierno": 0.0003209556161891669,
        " ": 0.00031625194242224097,
        "pueblo": 0.0003121770278085023,
        "general": 0.00030120552401058376,
        "millón": 0.0002935079101007432,
        "seguir": 0.0002883528941310942,
        "informar": 0.00028794363606721163
    },
    "Tópico 8": {
        "gobierno": 0.0003106297517661005,
        "mil": 0.00030958332354202867,
        "vacuna": 0.0002907790767494589,
        "méxico": 0.000266933609964326,
        " ": 0.00025843377807177603,
        "trabajador": 0.00025185407139360905,
        "año": 0.0002517230750527233,
        "tiempo": 0.00025148040731437504,
        "millón": 0.0002502610150258988,
        "general": 0.0002485739823896438
    },
    "Tópico 9": {
        "gobierno": 0.00027539770235307515,
        "vacuna": 0.0002684555365704,
        "méxico": 0.0002681898477021605,
        "mil": 0.00023984552535694093,
        "pueblo": 0.00023647266789339483,
        " ": 0.0002357129123993218,
        "tiempo": 0.00023378821788355708,
        "país": 0.0002311537100467831,
        "trabajador": 0.00022985211398918182,
        "vacunar": 0.0002284578513354063
    }
}