{
    "Tópico 0": {
        "gobierno": 0.0003095551219303161,
        "decir": 0.000297110149404034,
        "empresa": 0.0002728372346609831,
        "país": 0.00027271005092188716,
        "corrupción": 0.00027173213311471045,
        "problema": 0.0002678654564078897,
        "méxico": 0.00026658791466616094,
        "mil": 0.00026597309624776244,
        "querer": 0.0002640602760948241,
        "federal": 0.00026041557430289686
    },
    "Tópico 1": {
        "gobierno": 0.0003935550048481673,
        "mil": 0.0003259903460275382,
        "decir": 0.00031839360599406064,
        "empresa": 0.0003166898968629539,
        "problema": 0.0003096081200055778,
        "país": 0.0003022439777851105,
        "pueblo": 0.0002979627752210945,
        "corrupción": 0.00029744391213171184,
        "caso": 0.00029678476857952774,
        "cosa": 0.00029298613662831485
    },
    "Tópico 2": {
        "mil": 0.00030162715120241046,
        "empresa": 0.00028666050639003515,
        "gobierno": 0.00027918870910070837,
        "corrupción": 0.0002771943691186607,
        "caso": 0.0002762873482424766,
        "público": 0.0002753840235527605,
        "pemex": 0.00027494499227032065,
        "gente": 0.0002633211261127144,
        "millón": 0.00026313774287700653,
        "méxico": 0.00026203214656561613
    },
    "Tópico 3": {
        "gobierno": 0.0003193036827724427,
        "caso": 0.0002766606630757451,
        "público": 0.0002723964862525463,
        "corrupción": 0.0002716165909077972,
        "decir": 0.0002712019195314497,
        "mil": 0.00027015007799491286,
        "año": 0.00026958060334436595,
        "empresa": 0.00026636416441760957,
        "pemex": 0.0002618000435177237,
        "méxico": 0.0002596153935883194
    },
    "Tópico 4": {
        "gobierno": 0.0015005586901679635,
        "mil": 0.0010177120566368103,
        "millón": 0.0008747746469452977,
        "empresa": 0.0008602397865615785,
        "gente": 0.00080487149534747,
        "país": 0.0007973496685735881,
        "año": 0.0007877621683292091,
        "decir": 0.0007845481741242111,
        "corrupción": 0.0007689121412113309,
        "pueblo": 0.0007655296940356493
    },
    "Tópico 5": {
        "gobierno": 0.0003219160425942391,
        "mil": 0.00030818930827081203,
        "país": 0.00030102478922344744,
        "corrupción": 0.00028476337320171297,
        "millón": 0.00028390847728587687,
        "hablar": 0.00027759894146583974,
        "empresa": 0.0002759993076324463,
        "público": 0.0002755812893155962,
        "decir": 0.00027009661425836384,
        "pueblo": 0.0002687132218852639
    },
    "Tópico 6": {
        "gobierno": 0.00025553611340001225,
        "mil": 0.00024489013594575226,
        "empresa": 0.00024330418091267347,
        "decir": 0.00024298406788147986,
        "público": 0.00024173370911739767,
        "millón": 0.00023964792490005493,
        "problema": 0.00023808788682799786,
        "gente": 0.00023648160276934505,
        "país": 0.00023618910927325487,
        "méxico": 0.0002355506585445255
    },
    "Tópico 7": {
        "gobierno": 0.00028337043477222323,
        "mil": 0.00028256693622097373,
        "decir": 0.00027397816302254796,
        "corrupción": 0.00026659391005523503,
        "país": 0.00026619512937031686,
        "gente": 0.0002658841258380562,
        "público": 0.0002639467711560428,
        "pueblo": 0.0002628977526910603,
        "empresa": 0.00026007930864579976,
        "caso": 0.00025655358331277966
    },
    "Tópico 8": {
        "gobierno": 0.008746751584112644,
        "mil": 0.006889600306749344,
        "decir": 0.00577433779835701,
        "público": 0.00574411079287529,
        "corrupción": 0.0057439180091023445,
        "empresa": 0.005586393643170595,
        "país": 0.005494383163750172,
        "caso": 0.005402988754212856,
        "millón": 0.005027160048484802,
        "pueblo": 0.004749096464365721
    },
    "Tópico 9": {
        "mil": 0.0002673863200470805,
        "público": 0.00026502273976802826,
        "gobierno": 0.0002595998521428555,
        "país": 0.0002494491054676473,
        "federal": 0.00024883964215405285,
        "caso": 0.0002458440721966326,
        "decir": 0.00024339125957340002,
        "millón": 0.00024252946604974568,
        "corrupción": 0.00024249230045825243,
        "méxico": 0.00024248517001979053
    }
}