{
    "Tópico 0": {
        " ": 0.00046046104398556054,
        "méxico": 0.00026966154109686613,
        "querer": 0.00022980276844464242,
        "mil": 0.00022631110914517194,
        "pueblo": 0.0002180041919928044,
        "millón": 0.00021484644094016403,
        "gobierno": 0.00021371997718233615,
        "presidente": 0.00021251857106108218,
        "gente": 0.00020776550809387118,
        "decir": 0.00020412830053828657
    },
    "Tópico 1": {
        " ": 0.032393813133239746,
        "méxico": 0.008327427320182323,
        "mil": 0.007437895517796278,
        "pueblo": 0.006860634777694941,
        "gobierno": 0.005777598824352026,
        "querer": 0.0055611818097531796,
        "millón": 0.005319768562912941,
        "gente": 0.005175979807972908,
        "decir": 0.005175699479877949,
        "presidente": 0.005103474482893944
    },
    "Tópico 2": {
        " ": 0.0004646550223696977,
        "mil": 0.0002470191102474928,
        "méxico": 0.00023928549489937723,
        "pueblo": 0.00022119676577858627,
        "millón": 0.00021085019398014992,
        "gente": 0.00021005455346312374,
        "querer": 0.000205140546313487,
        "decir": 0.0002048338355962187,
        "gobierno": 0.00019389914814382792,
        "presidente": 0.00019150010484736413
    },
    "Tópico 3": {
        " ": 0.0003349805192556232,
        "mil": 0.0002047974121524021,
        "méxico": 0.00019395713752601296,
        "pueblo": 0.0001816109288483858,
        "presidente": 0.00017824384849518538,
        "país": 0.00017593750089872628,
        "querer": 0.00017543730791658163,
        "millón": 0.00017337704775854945,
        "gobierno": 0.00016769229841884226,
        "decir": 0.00016737321857362986
    },
    "Tópico 4": {
        " ": 0.0004990027518942952,
        "méxico": 0.00021817228116560727,
        "pueblo": 0.00021489326900336891,
        "querer": 0.0002006798895308748,
        "decir": 0.0001986688730539754,
        "mil": 0.00019720503769349307,
        "ver": 0.00019559053180273622,
        "presidente": 0.00019516744941938668,
        "gobierno": 0.0001938465575221926,
        "millón": 0.00019261165289208293
    },
    "Tópico 5": {
        " ": 0.0003865861799567938,
        "méxico": 0.00022586426348425448,
        "mil": 0.00022512488067150116,
        "gobierno": 0.00021104160987306386,
        "pueblo": 0.00020091385522391647,
        "decir": 0.00019881465414073318,
        "millón": 0.00019280212291050702,
        "gente": 0.00018695046310313046,
        "país": 0.00018450197239872068,
        "querer": 0.00018317079229746014
    },
    "Tópico 6": {
        " ": 0.0003812634095083922,
        "mil": 0.00019729063205886632,
        "gobierno": 0.00019319703278597444,
        "méxico": 0.00018872022337745875,
        "decir": 0.00018490689399186522,
        "pueblo": 0.00018363608978688717,
        "país": 0.00018008181359618902,
        "ver": 0.00018005572201218456,
        "gente": 0.0001798837911337614,
        "millón": 0.00017925516294781119
    },
    "Tópico 7": {
        " ": 0.0007365504861809313,
        "méxico": 0.0002692501002456993,
        "pueblo": 0.00025460775941610336,
        "presidente": 0.00023609111667610705,
        "millón": 0.00023380963830277324,
        "gente": 0.00023051291645970196,
        "gobierno": 0.0002252422709716484,
        "mil": 0.00022063206415623426,
        "unidos": 0.00021889923664275557,
        "decir": 0.00021789393213111907
    },
    "Tópico 8": {
        " ": 0.00037754763616248965,
        "méxico": 0.00022263784194365144,
        "mil": 0.00019276262901257724,
        "pueblo": 0.00018047323101200163,
        "decir": 0.000177723282831721,
        "millón": 0.00017602427396923304,
        "presidente": 0.00017509734607301652,
        "gente": 0.0001750192022882402,
        "querer": 0.0001736739359330386,
        "país": 0.00017171865329146385
    },
    "Tópico 9": {
        " ": 0.000310288742184639,
        "méxico": 0.00020614187815226614,
        "mil": 0.00019802730821538717,
        "gobierno": 0.00019153014000039548,
        "pueblo": 0.00018820421246346086,
        "país": 0.00018631908460520208,
        "millón": 0.00018311853636987507,
        "unidos": 0.00017706477956380695,
        "querer": 0.00017472152831032872,
        "presidente": 0.0001746414927765727
    }
}