{
    "Tópico 0": {
        "méxico": 0.0002548796765040606,
        "pueblo": 0.00023546998272649944,
        "gobierno": 0.00023372797295451164,
        "vacuna": 0.00023366879031527787,
        "querer": 0.00022700338740833104,
        "país": 0.00022256981173995882,
        "mil": 0.0002220844617113471,
        "llegar": 0.0002166952472180128,
        "caso": 0.00021496858971659094,
        "año": 0.00021378548990469426
    },
    "Tópico 1": {
        "méxico": 0.008229696191847324,
        "pueblo": 0.007289525121450424,
        "vacuna": 0.007203782442957163,
        "país": 0.006350211799144745,
        "mil": 0.006086104083806276,
        "gobierno": 0.005439016968011856,
        "millón": 0.00473439646884799,
        "querer": 0.004499549977481365,
        "tiempo": 0.004352437797933817,
        "caso": 0.004264079499989748
    },
    "Tópico 2": {
        "país": 0.000264903501374647,
        "méxico": 0.0002556526742409915,
        "vacuna": 0.00024586395011283457,
        "seguir": 0.00023950864851940423,
        "mil": 0.00023720237368252128,
        "gobierno": 0.00022913891007192433,
        "año": 0.0002256619482068345,
        "tener": 0.00022435383289121091,
        "millón": 0.00022251550399232656,
        "pueblo": 0.0002206383942393586
    },
    "Tópico 3": {
        "pueblo": 0.0002495238441042602,
        "vacuna": 0.00023586314637213945,
        "mil": 0.00023478042567148805,
        "país": 0.00023403331579174846,
        "méxico": 0.0002332981675863266,
        "millón": 0.00022223716950975358,
        "tiempo": 0.0002211465616710484,
        "gobierno": 0.0002204105694545433,
        "seguir": 0.0002159079595003277,
        "hablar": 0.0002139767602784559
    },
    "Tópico 4": {
        "méxico": 0.0002450874890200794,
        "pueblo": 0.0002341723011340946,
        "vacuna": 0.0002278719184687361,
        "país": 0.00022456618899013847,
        "mil": 0.00022417701256927103,
        "gobierno": 0.00022267548774834722,
        "llegar": 0.00021797501540277153,
        "decir": 0.00021184788784012198,
        "comisión": 0.00020972808124497533,
        "querer": 0.00020862613746430725
    },
    "Tópico 5": {
        "méxico": 0.0005113068036735058,
        "pueblo": 0.00047792057739570737,
        "vacuna": 0.00040767283644527197,
        "mil": 0.0003999530163127929,
        "país": 0.0003976956941187382,
        "presidente": 0.00036057326360605657,
        "gobierno": 0.00035769573878496885,
        "gente": 0.00034948118263855577,
        "año": 0.00034097061143256724,
        "tener": 0.0003369978803675622
    },
    "Tópico 6": {
        "méxico": 0.00025761546567082405,
        "país": 0.00023388001136481762,
        "pueblo": 0.0002334737655473873,
        "mil": 0.00022679957328364253,
        "vacuna": 0.0002248066884931177,
        "caso": 0.00021810051111970097,
        "millón": 0.00021765554265584797,
        "presidente": 0.00021578364248853177,
        "tiempo": 0.0002152304514311254,
        "gobierno": 0.00021440010459627956
    },
    "Tópico 7": {
        "méxico": 0.00033469637855887413,
        "pueblo": 0.0003162429202347994,
        "país": 0.0002855105558410287,
        "vacuna": 0.000284693407593295,
        "gobierno": 0.00028058691532351077,
        "mil": 0.00027245032833889127,
        "presidente": 0.00027118451544083655,
        "millón": 0.00026325148064643145,
        "aeropuerto": 0.00025651982286944985,
        "hablar": 0.000253874808549881
    },
    "Tópico 8": {
        "méxico": 0.0003031328087672591,
        "pueblo": 0.0003008847124874592,
        "vacuna": 0.0002929587790276855,
        "mil": 0.0002707741514313966,
        "país": 0.00026657248963601887,
        "gobierno": 0.0002665231004357338,
        "querer": 0.0002439132222207263,
        "llegar": 0.00024112631217576563,
        "año": 0.00024004781153053045,
        "caso": 0.00023962109116837382
    },
    "Tópico 9": {
        "méxico": 0.00027893506921827793,
        "pueblo": 0.00027781547396443784,
        "gobierno": 0.00024255766766145825,
        "vacuna": 0.00023957554367370903,
        "país": 0.00023828286794014275,
        "tiempo": 0.00023399092606268823,
        "caso": 0.00022842298494651914,
        "millón": 0.0002283214416820556,
        "mil": 0.00022453872952610254,
        "llegar": 0.00022337085101753473
    }
}