{
    "Tópico 0": {
        "decir": 0.000226846503210254,
        "gobierno": 0.00022441809414885938,
        "caso": 0.00021755791385658085,
        "pueblo": 0.0002144905593013391,
        "ver": 0.0002139332500519231,
        "tiempo": 0.00021213812578935176,
        "millón": 0.000209308389457874,
        "país": 0.00020700981258414686,
        "méxico": 0.00020680518355220556,
        "gente": 0.00020643814059440047
    },
    "Tópico 1": {
        "méxico": 0.00022023264318704605,
        "pueblo": 0.00021336589998099953,
        "empresa": 0.00021176527661737055,
        "decir": 0.00021058027050457895,
        "país": 0.0002023196138907224,
        "gobierno": 0.000202023409656249,
        "mil": 0.0002009967720368877,
        "gente": 0.00019710649212356657,
        "seguir": 0.00019690416229423136,
        "caso": 0.00019549349963199347
    },
    "Tópico 2": {
        "méxico": 0.000257226376561448,
        "gobierno": 0.000237582964473404,
        "pueblo": 0.00022079909103922546,
        "tiempo": 0.00021990021923556924,
        "decir": 0.00021942175226286054,
        "caso": 0.00021752981410827488,
        "público": 0.0002160470758099109,
        "hablar": 0.00021186044614296407,
        "mil": 0.00021184280922170728,
        "corrupción": 0.00021044595632702112
    },
    "Tópico 3": {
        "gobierno": 0.00023875717306509614,
        "méxico": 0.00023122555285226554,
        "empresa": 0.00022138610074762255,
        "caso": 0.00021995793213136494,
        "seguir": 0.00021886832837481052,
        "pueblo": 0.0002149866195395589,
        "tiempo": 0.0002142964513041079,
        "país": 0.00021287293930072337,
        "decir": 0.0002128339110640809,
        "periodista": 0.0002113222290063277
    },
    "Tópico 4": {
        "gobierno": 0.0003772131458390504,
        "méxico": 0.00035807283711619675,
        "pueblo": 0.0003518187440931797,
        "país": 0.0002921145351137966,
        "decir": 0.0002906617010012269,
        "hablar": 0.0002844319969881326,
        "tiempo": 0.00028327867039479315,
        "empresa": 0.0002768385747913271,
        "gente": 0.0002748903352767229,
        "millón": 0.00026801187777891755
    },
    "Tópico 5": {
        "gobierno": 0.0009970900136977434,
        "méxico": 0.0009120232425630093,
        "decir": 0.000892175012268126,
        "pueblo": 0.0008200295269489288,
        "empresa": 0.0007617809460498393,
        "presidente": 0.0007210176554508507,
        "tiempo": 0.0006841220892965794,
        "gente": 0.000681239296682179,
        "seguir": 0.0006514822598546743,
        "país": 0.0006374985678121448
    },
    "Tópico 6": {
        "méxico": 0.00837458111345768,
        "gobierno": 0.008042429573833942,
        "pueblo": 0.007199512794613838,
        "decir": 0.005945051088929176,
        "empresa": 0.005398863926529884,
        "tiempo": 0.00524988304823637,
        "gente": 0.0051433932967484,
        "caso": 0.0049569387920200825,
        "millón": 0.0049429405480623245,
        "país": 0.0047876834869384766
    },
    "Tópico 7": {
        "méxico": 0.007152131292968988,
        "gobierno": 0.0064504798501729965,
        "empresa": 0.005513424053788185,
        "país": 0.005449132062494755,
        "decir": 0.005013661924749613,
        "mil": 0.004951035603880882,
        "tener": 0.004490997642278671,
        "tiempo": 0.004077823832631111,
        "pueblo": 0.0040709879249334335,
        "periodista": 0.004011551849544048
    },
    "Tópico 8": {
        "méxico": 0.00024364658747799695,
        "gobierno": 0.00024054099048953503,
        "empresa": 0.00022977730259299278,
        "mil": 0.00022949909907765687,
        "país": 0.0002262699999846518,
        "tiempo": 0.0002202960167778656,
        "hablar": 0.0002201099559897557,
        "decir": 0.00021870910131838173,
        "presidente": 0.00021456819376908243,
        "gente": 0.0002118230622727424
    },
    "Tópico 9": {
        "méxico": 0.00026904104743152857,
        "pueblo": 0.00026236975099891424,
        "gobierno": 0.00024954648688435555,
        "país": 0.00024487043265253305,
        "empresa": 0.0002393566392129287,
        "seguir": 0.0002343698579352349,
        "tiempo": 0.000232059188419953,
        "mil": 0.00022980319045018405,
        "gente": 0.0002253675484098494,
        "público": 0.0002227732038591057
    }
}