{
    "Tópico 0": {
        "gobierno": 0.0003109552199020982,
        "mil": 0.00030656743911094964,
        "país": 0.0002966536267194897,
        "empresa": 0.0002829974109772593,
        "público": 0.00027619191678240895,
        "caso": 0.0002731601125560701,
        "gente": 0.0002724337682593614,
        "corrupción": 0.000270348769845441,
        "decir": 0.0002641590253915638,
        "poder": 0.0002627750509418547
    },
    "Tópico 1": {
        "gobierno": 0.00027235253946855664,
        "público": 0.000258486601524055,
        "mil": 0.0002562694135122001,
        "decir": 0.0002488977916073054,
        "empresa": 0.00024708142154850066,
        "federal": 0.00024574779672548175,
        "problema": 0.0002445247955620289,
        "pemex": 0.0002442444092594087,
        "corrupción": 0.00024417819804511964,
        "hablar": 0.00024263974046334624
    },
    "Tópico 2": {
        "gobierno": 0.00025611533783376217,
        "mil": 0.00024647952523082495,
        "público": 0.00024358142400160432,
        "decir": 0.0002434009948046878,
        "empresa": 0.00024230274721048772,
        "méxico": 0.00023733820125926286,
        "país": 0.00023561849957332015,
        "corrupción": 0.00023490292369388044,
        "gente": 0.00023343904467765242,
        "poder": 0.00023191774380393326
    },
    "Tópico 3": {
        "gobierno": 0.00029311105026863515,
        "mil": 0.0002669790992513299,
        "empresa": 0.00025830056983977556,
        "millón": 0.00025767076294869184,
        "país": 0.0002568289346527308,
        "decir": 0.0002545840688981116,
        "público": 0.0002529383928049356,
        "pueblo": 0.00025030423421412706,
        "corrupción": 0.0002497849927749485,
        "caso": 0.00024685446987859905
    },
    "Tópico 4": {
        "gobierno": 0.00048210888053290546,
        "mil": 0.0003857507836073637,
        "millón": 0.00037876234273426235,
        "país": 0.0003665818367153406,
        "decir": 0.0003647433186415583,
        "empresa": 0.00035582753480412066,
        "caso": 0.00034496583975851536,
        "corrupción": 0.0003310622996650636,
        "pueblo": 0.0003256122872699052,
        "federal": 0.00032121286494657397
    },
    "Tópico 5": {
        "gobierno": 0.00875118374824524,
        "mil": 0.00688999705016613,
        "decir": 0.005773575976490974,
        "público": 0.005742757581174374,
        "corrupción": 0.005742520093917847,
        "empresa": 0.005587087478488684,
        "país": 0.005493400618433952,
        "caso": 0.005400828551501036,
        "millón": 0.005028344225138426,
        "pueblo": 0.004749421030282974
    },
    "Tópico 6": {
        "gobierno": 0.00032540663960389793,
        "caso": 0.0003201459185220301,
        "público": 0.00029819674091413617,
        "pueblo": 0.00029603668372146785,
        "mil": 0.00029471208108589053,
        "corrupción": 0.0002928408212028444,
        "millón": 0.00029226436163298786,
        "empresa": 0.0002859986270777881,
        "querer": 0.00028426205972209573,
        "méxico": 0.0002795542241074145
    },
    "Tópico 7": {
        "gobierno": 0.00031390541698783636,
        "mil": 0.0003012241213582456,
        "público": 0.00029475847259163857,
        "corrupción": 0.00029126001754775643,
        "país": 0.00028423022013157606,
        "decir": 0.00028244504937902093,
        "pueblo": 0.00027128655347041786,
        "pemex": 0.00026777078164741397,
        "problema": 0.00026540004182606936,
        "federal": 0.0002612315583974123
    },
    "Tópico 8": {
        "gobierno": 0.00024346369900740683,
        "empresa": 0.00023516268993262202,
        "mil": 0.00023374758893623948,
        "corrupción": 0.00023205520119518042,
        "caso": 0.00023071706527844071,
        "hablar": 0.00023006465926300734,
        "federal": 0.00022968373377807438,
        "país": 0.00022915452427696437,
        "problema": 0.00022758680279366672,
        "público": 0.0002258754539070651
    },
    "Tópico 9": {
        "gobierno": 0.0002640384482219815,
        "mil": 0.00025903902132995427,
        "corrupción": 0.00025785600882954895,
        "caso": 0.00025444815400987864,
        "país": 0.00025227456353604794,
        "decir": 0.00025107190595008433,
        "gente": 0.00025003752671182156,
        "pemex": 0.00024820471298880875,
        "millón": 0.0002480066614225507,
        "empresa": 0.00024592719273641706
    }
}