{
    "Tópico 0": {
        "corrupción": 0.006556415464729071,
        "mil": 0.006529615726321936,
        "caso": 0.006313738413155079,
        "gobierno": 0.006031492259353399,
        "méxico": 0.005941404495388269,
        "gente": 0.005414888728410006,
        "ayudar": 0.005234876181930304,
        "millón": 0.005111503414809704,
        "pueblo": 0.004798504523932934,
        "año": 0.004711063578724861
    },
    "Tópico 1": {
        "méxico": 0.0002290394768351689,
        "corrupción": 0.00022742019791621715,
        "año": 0.0002269108808832243,
        "mil": 0.000223757786443457,
        "país": 0.00022161577362567186,
        "caso": 0.00022091074788477272,
        "hablar": 0.00022033900313545018,
        "público": 0.00021908784401603043,
        "millón": 0.00021721534722018987,
        "gente": 0.00021468343038577586
    },
    "Tópico 2": {
        "corrupción": 0.0002565279137343168,
        "mil": 0.00024276193289551884,
        "méxico": 0.00023624589084647596,
        "ayudar": 0.00022823302424512804,
        "pueblo": 0.00022537140466738492,
        "millón": 0.00022454585996456444,
        "tener": 0.0002244818169856444,
        "decir": 0.00022295671806205064,
        "gobierno": 0.00022221379913389683,
        "gente": 0.000221994734602049
    },
    "Tópico 3": {
        "mil": 0.00038660186692140996,
        "gente": 0.00036644056672230363,
        "corrupción": 0.0003619350027292967,
        "millón": 0.0003381508868187666,
        "méxico": 0.0003279794764239341,
        "gobierno": 0.0003269246080890298,
        "pueblo": 0.0003250171721447259,
        "caso": 0.00032187241595238447,
        "país": 0.0003183087974321097,
        "hablar": 0.00031041871989145875
    },
    "Tópico 4": {
        "corrupción": 0.0016441203188151121,
        "gobierno": 0.0015837708488106728,
        "mil": 0.0015256524784490466,
        "caso": 0.0014176293043419719,
        "méxico": 0.0014027974102646112,
        "gente": 0.0012668372364714742,
        "hablar": 0.0011897882213816047,
        "público": 0.0011455316562205553,
        "querer": 0.0011183959431946278,
        "ayudar": 0.0010675775120034814
    },
    "Tópico 5": {
        "gente": 0.0002487334713805467,
        "caso": 0.0002444798592478037,
        "año": 0.00024069006030913442,
        "gobierno": 0.00023807842808309942,
        "mil": 0.00023566627351101488,
        "público": 0.00023494036577176303,
        "corrupción": 0.00023436162155121565,
        "hablar": 0.00023347667593043298,
        "méxico": 0.0002304989320691675,
        "querer": 0.00022835133131593466
    },
    "Tópico 6": {
        "millón": 0.0002617895370349288,
        "gobierno": 0.0002611724485177547,
        "caso": 0.00026102058473043144,
        "méxico": 0.0002596200502011925,
        "corrupción": 0.00025951844872906804,
        "mil": 0.000259460968663916,
        "hablar": 0.00025014986749738455,
        "atender": 0.000248630007263273,
        "año": 0.00024693296290934086,
        "gente": 0.0002424465783406049
    },
    "Tópico 7": {
        "caso": 0.0004183928540442139,
        "corrupción": 0.00041078979847952724,
        "gobierno": 0.00037083023926243186,
        "gente": 0.0003566905506886542,
        "pueblo": 0.0003551198751665652,
        "público": 0.00035008095437660813,
        "méxico": 0.0003379973641131073,
        "tiempo": 0.00033439157414250076,
        "ayudar": 0.00032403061049990356,
        "mil": 0.0003239435900468379
    },
    "Tópico 8": {
        "corrupción": 0.0003406316973268986,
        "méxico": 0.00033681828062981367,
        "caso": 0.00031231046887114644,
        "mil": 0.00031043816125020385,
        "gente": 0.00030922406585887074,
        "gobierno": 0.00029666683985851705,
        "tener": 0.0002950421767309308,
        "hablar": 0.00029202247969806194,
        "ayudar": 0.0002918302780017257,
        "millón": 0.0002911117917392403
    },
    "Tópico 9": {
        "corrupción": 0.00023011186567600816,
        "mil": 0.00022981259098742157,
        "tener": 0.00022734743834007531,
        "caso": 0.00022661106777377427,
        "gente": 0.0002204268384957686,
        "gobierno": 0.0002178091526729986,
        "millón": 0.0002168079954572022,
        "decir": 0.0002146764745702967,
        "méxico": 0.00021446596656460315,
        "año": 0.0002143113815691322
    }
}