{
    "Tópico 0": {
        "méxico": 0.007278461009263992,
        "decir": 0.0060188500210642815,
        "pueblo": 0.006018690299242735,
        "mil": 0.005715853534638882,
        "gobierno": 0.005528941750526428,
        "país": 0.005295899696648121,
        "tiempo": 0.004596477374434471,
        " ": 0.004572995472699404,
        "gente": 0.004572858568280935,
        "caso": 0.004526680801063776
    },
    "Tópico 1": {
        "pueblo": 0.00023478044022340328,
        "méxico": 0.0002314440644113347,
        "gente": 0.00022654165513813496,
        "decir": 0.00022226381406653672,
        "gobierno": 0.00022192827600520104,
        "país": 0.00022141098452266306,
        "tiempo": 0.0002128830528818071,
        "caso": 0.0002055135410046205,
        "año": 0.00020539002434816211,
        "mil": 0.00020510185277089477
    },
    "Tópico 2": {
        "méxico": 0.0002220156748080626,
        "pueblo": 0.00020492628391366452,
        "gobierno": 0.00020426828996278346,
        "mil": 0.000203471994609572,
        "país": 0.00020262111502233893,
        " ": 0.0001966982235899195,
        "gente": 0.00019522072398103774,
        "decir": 0.0001948599674506113,
        "tiempo": 0.00019305289606563747,
        "millón": 0.00019286065071355551
    },
    "Tópico 3": {
        "pueblo": 0.00023705906642135233,
        "mil": 0.00022843072656542063,
        "méxico": 0.00022687703312840313,
        "gobierno": 0.0002172909735236317,
        "país": 0.0002170479710912332,
        "decir": 0.0002146501501556486,
        "millón": 0.00021222297800704837,
        " ": 0.0002104252198478207,
        "año": 0.00020763871725648642,
        "querer": 0.0002064850996248424
    },
    "Tópico 4": {
        "decir": 0.0002173309330828488,
        "pueblo": 0.00020411469449754804,
        "gobierno": 0.0002026126894634217,
        "país": 0.0001992444013012573,
        "caso": 0.0001963596005225554,
        "mil": 0.00019597771461121738,
        "méxico": 0.000195842600078322,
        "gente": 0.00019397561845835298,
        "año": 0.00018895912216976285,
        "millón": 0.0001885119709186256
    },
    "Tópico 5": {
        "méxico": 0.0002477249363437295,
        "decir": 0.00023987717577256262,
        "pueblo": 0.0002193524851463735,
        "tiempo": 0.00021804495190735906,
        "mil": 0.0002175667614210397,
        "gobierno": 0.0002122486475855112,
        " ": 0.00021210739214438945,
        "país": 0.00021152057161089033,
        "querer": 0.00020389826386235654,
        "gente": 0.00020306337682995945
    },
    "Tópico 6": {
        "decir": 0.000211634804145433,
        "méxico": 0.00019854276615660638,
        "gobierno": 0.00019342500308994204,
        " ": 0.00019284985319245607,
        "gente": 0.0001926437544170767,
        "país": 0.0001911370491143316,
        "mil": 0.00018952146638184786,
        "millón": 0.00018842042481992394,
        "unidos": 0.0001865613739937544,
        "querer": 0.00018491415539756417
    },
    "Tópico 7": {
        "méxico": 0.0002481163537595421,
        "pueblo": 0.00022445151989813894,
        "gobierno": 0.00021735814516432583,
        "mil": 0.00021001906134188175,
        "decir": 0.00020911349565722048,
        "querer": 0.00020194886019453406,
        "ver": 0.00020006827253382653,
        "país": 0.00019934563897550106,
        "aeropuerto": 0.0001978975342353806,
        "millón": 0.0001948475110111758
    },
    "Tópico 8": {
        "méxico": 0.00022227720182854682,
        "mil": 0.00019929725385736674,
        "país": 0.00018979016749653965,
        " ": 0.00018830540648195893,
        "gobierno": 0.00018773152260109782,
        "decir": 0.0001847914682002738,
        "caso": 0.00018273049499839544,
        "cosa": 0.00018208587425760925,
        "pueblo": 0.00018138877931050956,
        "gente": 0.00018115701095666736
    },
    "Tópico 9": {
        "pueblo": 0.0001985909475479275,
        "mil": 0.0001905081153381616,
        "méxico": 0.0001881550415419042,
        "gobierno": 0.0001866717211669311,
        "tiempo": 0.00018622505012899637,
        "decir": 0.00018473423551768064,
        "caso": 0.00018310014274902642,
        "garcía": 0.0001825680665206164,
        "querer": 0.00018218117475043982,
        "año": 0.00018012024520430714
    }
}