{
    "Tópico 0": {
        "gobierno": 0.000297895516268909,
        "mil": 0.0002799302455969155,
        "público": 0.00025965392705984414,
        "millón": 0.0002574201498646289,
        "decir": 0.0002571738150436431,
        "caso": 0.00025674118660390377,
        "país": 0.00025415149866603315,
        "empresa": 0.00025406034546904266,
        "corrupción": 0.00025371721130795777,
        "pueblo": 0.00025290148914791644
    },
    "Tópico 1": {
        "mil": 0.00028479317552410066,
        "gobierno": 0.0002778739726636559,
        "empresa": 0.0002718163887038827,
        "país": 0.00026025398983620107,
        "caso": 0.00025896242004819214,
        "público": 0.0002589385549072176,
        "corrupción": 0.00025422614999115467,
        "méxico": 0.00025201612152159214,
        "pueblo": 0.00025167205603793263,
        "decir": 0.0002486014273017645
    },
    "Tópico 2": {
        "gobierno": 0.008052142336964607,
        "corrupción": 0.005345312412828207,
        "mil": 0.00527955824509263,
        "país": 0.004581635817885399,
        "pemex": 0.004571085330098867,
        "pueblo": 0.004453718196600676,
        "méxico": 0.004427153617143631,
        "federal": 0.004400601144880056,
        "año": 0.00438383175060153,
        "caso": 0.004361245781183243
    },
    "Tópico 3": {
        "gobierno": 0.00032068684231489897,
        "mil": 0.00028885132633149624,
        "empresa": 0.0002774152671918273,
        "público": 0.0002740140480455011,
        "caso": 0.00027265475364401937,
        "gente": 0.00026992219500243664,
        "corrupción": 0.0002692839771043509,
        "méxico": 0.0002677738375496119,
        "decir": 0.0002651654358487576,
        "hablar": 0.0002617815916892141
    },
    "Tópico 4": {
        "gobierno": 0.00028997636400163174,
        "mil": 0.000276294129434973,
        "caso": 0.00027287285774946213,
        "millón": 0.0002649363595992327,
        "país": 0.00026274521951563656,
        "corrupción": 0.00026191334472969174,
        "empresa": 0.00026180167333222926,
        "público": 0.0002583347086329013,
        "decir": 0.0002580020809546113,
        "pemex": 0.00025719759287312627
    },
    "Tópico 5": {
        "gobierno": 0.0013101272052153945,
        "empresa": 0.0008063531713560224,
        "mil": 0.000795492494944483,
        "corrupción": 0.0007869002874940634,
        "decir": 0.0007707990589551628,
        "público": 0.0007352534448727965,
        "gente": 0.0007329689688049257,
        "información": 0.0006656566984020174,
        "pemex": 0.0006544159259647131,
        "caso": 0.0006513922126032412
    },
    "Tópico 6": {
        "gobierno": 0.0003095455467700958,
        "país": 0.00027173536363989115,
        "corrupción": 0.0002679917961359024,
        "gente": 0.00026517888181842864,
        "público": 0.00026460137451067567,
        "decir": 0.00025947141693904996,
        "millón": 0.0002575368562247604,
        "caso": 0.0002550780482124537,
        "mil": 0.0002549093624111265,
        "problema": 0.0002541211142670363
    },
    "Tópico 7": {
        "gobierno": 0.00031673203920945525,
        "millón": 0.00027841917471960187,
        "mil": 0.000274042715318501,
        "decir": 0.00026866982807405293,
        "público": 0.0002659132587723434,
        "corrupción": 0.00026432584854774177,
        "empresa": 0.000261793757090345,
        "país": 0.00025959662161767483,
        "caso": 0.00025945500237867236,
        "méxico": 0.00025086067034862936
    },
    "Tópico 8": {
        "gobierno": 0.008684971369802952,
        "mil": 0.00696593476459384,
        "público": 0.0059118978679180145,
        "decir": 0.005882491357624531,
        "empresa": 0.00576927000656724,
        "corrupción": 0.005695637781172991,
        "país": 0.005513008683919907,
        "caso": 0.005435468629002571,
        "millón": 0.005044553894549608,
        "gente": 0.004711959511041641
    },
    "Tópico 9": {
        "mil": 0.00023952634364832193,
        "gobierno": 0.00023812243307475,
        "público": 0.0002360176877118647,
        "caso": 0.0002331331343157217,
        "decir": 0.00023307140509132296,
        "millón": 0.00023216161935124546,
        "corrupción": 0.0002315085002919659,
        "méxico": 0.00023116232478059828,
        "empresa": 0.00023054718622006476,
        "querer": 0.00022882406483404338
    }
}