{
    "Tópico 0": {
        "adversario": 0.0007670685881748796,
        "contrario": 0.0007645775331184268,
        "opositor": 0.0007611105102114379,
        "oposición": 0.0007447129464708269,
        "confrontación": 0.0007383840857073665,
        "resistencia": 0.0007307775085791945,
        "gobierno": 0.0007021246710792184,
        "político": 0.0007010567933320999,
        "querer": 0.0006997351301833987,
        "conservador": 0.000699412077665329
    },
    "Tópico 1": {
        "contrario": 0.0013895570300519466,
        "opositor": 0.001112028956413269,
        "adversario": 0.0010872045531868935,
        "oposición": 0.001072379876859486,
        "confrontación": 0.0009168685064651072,
        "resistencia": 0.0008840796654112637,
        "gobierno": 0.0007477907929569483,
        "conservador": 0.0007361414027400315,
        "político": 0.0007346502388827503,
        "querer": 0.000725938007235527
    },
    "Tópico 2": {
        "adversario": 0.0011066272854804993,
        "contrario": 0.0010604963172227144,
        "oposición": 0.0009740226087160408,
        "opositor": 0.0009035617113113403,
        "confrontación": 0.000817122112493962,
        "resistencia": 0.0008162865997292101,
        "gobierno": 0.0007286257459782064,
        "político": 0.0007201600819826126,
        "querer": 0.0007170794997364283,
        "enemigo": 0.0007168826414272189
    },
    "Tópico 3": {
        "oposición": 0.0010264936136081815,
        "adversario": 0.0009913328103721142,
        "contrario": 0.0009152465499937534,
        "confrontación": 0.0009068475337699056,
        "opositor": 0.0009060236043296754,
        "resistencia": 0.0008216429268941283,
        "gobierno": 0.0007256247336044908,
        "político": 0.0007231014315038919,
        "querer": 0.0007203292916528881,
        "conservador": 0.0007182958070188761
    },
    "Tópico 4": {
        "adversario": 0.0011357475304976106,
        "contrario": 0.001107840915210545,
        "opositor": 0.0010132001480087638,
        "oposición": 0.0009795675287023187,
        "confrontación": 0.000915258249733597,
        "resistencia": 0.0008081980631686747,
        "político": 0.0007358177681453526,
        "gobierno": 0.000735370849724859,
        "conservador": 0.0007352572865784168,
        "querer": 0.0007274701492860913
    },
    "Tópico 5": {
        "contrario": 0.0014632538659498096,
        "opositor": 0.001304362784139812,
        "adversario": 0.0012828835751861334,
        "oposición": 0.0012629157863557339,
        "resistencia": 0.0010902570793405175,
        "confrontación": 0.0010579798836261034,
        "gobierno": 0.0007889425614848733,
        "conservador": 0.0007704059244133532,
        "político": 0.0007701109861955047,
        "querer": 0.0007597078802064061
    },
    "Tópico 6": {
        "adversario": 0.003891622181981802,
        "contrario": 0.0029729206580668688,
        "oposición": 0.002788374898955226,
        "opositor": 0.002269292715936899,
        "confrontación": 0.0020458416547626257,
        "resistencia": 0.0020347877871245146,
        "conservador": 0.0009484334732405841,
        "querer": 0.0008712931303307414,
        "político": 0.0008657648577354848,
        "gente": 0.0008590007782913744
    },
    "Tópico 7": {
        "adversario": 0.08895742893218994,
        "contrario": 0.08097270131111145,
        "oposición": 0.07618885487318039,
        "opositor": 0.06080994755029678,
        "confrontación": 0.04423638805747032,
        "resistencia": 0.03334807604551315,
        "conservador": 0.008395577780902386,
        "gobierno": 0.006897513754665852,
        "querer": 0.006698500365018845,
        "político": 0.005998595617711544
    },
    "Tópico 8": {
        "adversario": 0.0007704748422838748,
        "contrario": 0.0007696881657466292,
        "oposición": 0.0007624658173881471,
        "opositor": 0.0007459850749000907,
        "confrontación": 0.0007274116505868733,
        "resistencia": 0.0007248484762385488,
        "gobierno": 0.0007010746048763394,
        "político": 0.0007006889209151268,
        "conservador": 0.0007002597558312118,
        "querer": 0.0006993163260631263
    },
    "Tópico 9": {
        "adversario": 0.0009714566403999925,
        "contrario": 0.0009449500357732177,
        "oposición": 0.0009179883054457605,
        "opositor": 0.0008718116441741586,
        "confrontación": 0.0008072155760601163,
        "resistencia": 0.0007824872154742479,
        "gobierno": 0.0007262661238200963,
        "conservador": 0.0007227687165141106,
        "querer": 0.0007115548942238092,
        "político": 0.00071099610067904
    }
}