{
    "Tópico 0": {
        "opositor": 0.0019366577034816146,
        "adversario": 0.0018858708208426833,
        "contrario": 0.001661855960264802,
        "oposición": 0.0015918138669803739,
        "confrontación": 0.001067626872099936,
        "resistencia": 0.0008646376663818955,
        "conservador": 0.0008385837427340448,
        "gobierno": 0.0007699437555857003,
        "político": 0.0007676503155380487,
        "querer": 0.0007592072361148894
    },
    "Tópico 1": {
        "contrario": 0.00456225173547864,
        "adversario": 0.003708117175847292,
        "opositor": 0.0033929406199604273,
        "oposición": 0.002866454655304551,
        "confrontación": 0.0018462733132764697,
        "resistencia": 0.0012626041425392032,
        "conservador": 0.0012264963006600738,
        "gobierno": 0.0009523893822915852,
        "político": 0.0008588184136897326,
        "tiempo": 0.0008580358698964119
    },
    "Tópico 2": {
        "adversario": 0.0986655205488205,
        "opositor": 0.09363435953855515,
        "contrario": 0.07958568632602692,
        "oposición": 0.06132575869560242,
        "confrontación": 0.03269627317786217,
        "resistencia": 0.016994591802358627,
        "conservador": 0.01195495668798685,
        "gobierno": 0.007217572070658207,
        "querer": 0.005637665279209614,
        "tiempo": 0.005539377219974995
    },
    "Tópico 3": {
        "adversario": 0.0010745618492364883,
        "opositor": 0.0009676516056060791,
        "oposición": 0.000890518887899816,
        "contrario": 0.0008692029514349997,
        "confrontación": 0.0007862457423470914,
        "conservador": 0.0007459897315129638,
        "resistencia": 0.0007393421255983412,
        "gobierno": 0.0007121630478650331,
        "querer": 0.000708993524312973,
        "tiempo": 0.0007064518867991865
    },
    "Tópico 4": {
        "opositor": 0.0007508097914978862,
        "adversario": 0.0007421480841003358,
        "contrario": 0.0007300526485778391,
        "oposición": 0.0007191909244284034,
        "confrontación": 0.0007044904632493854,
        "conservador": 0.0006935680285096169,
        "resistencia": 0.0006931992247700691,
        "gobierno": 0.0006891578668728471,
        "político": 0.0006885018665343523,
        "querer": 0.0006882203742861748
    },
    "Tópico 5": {
        "adversario": 0.0015187144745141268,
        "contrario": 0.0014461633982136846,
        "oposición": 0.001250535249710083,
        "opositor": 0.001246096333488822,
        "confrontación": 0.0009034979739226401,
        "resistencia": 0.0007837425218895078,
        "conservador": 0.0007771836244501173,
        "gobierno": 0.0007493283483199775,
        "querer": 0.0007343738689087331,
        "político": 0.0007279174751602113
    },
    "Tópico 6": {
        "opositor": 0.001147820963524282,
        "adversario": 0.0011060364777222276,
        "oposición": 0.0010391718242317438,
        "contrario": 0.0009482262539677322,
        "confrontación": 0.0008082597050815821,
        "conservador": 0.0007587787113152444,
        "resistencia": 0.000757387257181108,
        "partido": 0.0007134166662581265,
        "querer": 0.0007082910160534084,
        "gobierno": 0.0007075073663145304
    },
    "Tópico 7": {
        "adversario": 0.00118839624337852,
        "opositor": 0.0011182944290339947,
        "contrario": 0.0010970559669658542,
        "oposición": 0.0010397017467767,
        "confrontación": 0.0008467361330986023,
        "resistencia": 0.0007914515445008874,
        "conservador": 0.0007533145835623145,
        "querer": 0.0007291193469427526,
        "gobierno": 0.000719162926543504,
        "partido": 0.0007172622717916965
    },
    "Tópico 8": {
        "adversario": 0.0011276400182396173,
        "opositor": 0.001047327765263617,
        "contrario": 0.0010202525882050395,
        "oposición": 0.001012637629173696,
        "confrontación": 0.0008314817678183317,
        "resistencia": 0.0007785131456330419,
        "conservador": 0.0007309674983844161,
        "tiempo": 0.0007155754137784243,
        "gobierno": 0.0007110259612090886,
        "político": 0.0007109455764293671
    },
    "Tópico 9": {
        "opositor": 0.0008339883643202484,
        "adversario": 0.0008123788284137845,
        "contrario": 0.0008102517458610237,
        "oposición": 0.0007966884295456111,
        "confrontación": 0.0007275723037309945,
        "resistencia": 0.000711082830093801,
        "conservador": 0.0007097966154105961,
        "partido": 0.0006962635670788586,
        "tiempo": 0.0006944816559553146,
        "gobierno": 0.0006937669240869582
    }
}