{
    "Tópico 0": {
        "contrario": 0.0006429662462323904,
        "adversario": 0.0006413511582650244,
        "oposición": 0.0006365854060277343,
        "opositor": 0.000635532836895436,
        "confrontación": 0.0006310699973255396,
        "resistencia": 0.0006282910471782088,
        "querer": 0.000626987952273339,
        "pensar": 0.0006265555857680738,
        "conservador": 0.0006263343384489417,
        "gobierno": 0.0006261341623030603
    },
    "Tópico 1": {
        "contrario": 0.0014969789190217853,
        "adversario": 0.001233018352650106,
        "opositor": 0.0010311370715498924,
        "oposición": 0.0009833031799644232,
        "confrontación": 0.0008850034209899604,
        "resistencia": 0.0007311633671633899,
        "conservador": 0.0006713143084198236,
        "ayudar": 0.000671308021992445,
        "querer": 0.0006676829070784152,
        "pensar": 0.0006631481228396297
    },
    "Tópico 2": {
        "adversario": 0.0008873398182913661,
        "contrario": 0.0008364386158064008,
        "opositor": 0.0007860176265239716,
        "oposición": 0.0007686052122153342,
        "confrontación": 0.0007198543753474951,
        "resistencia": 0.0006577711901627481,
        "pensar": 0.0006420263089239597,
        "conservador": 0.0006413715309463441,
        "querer": 0.0006409573252312839,
        "enemigo": 0.0006397330434992909
    },
    "Tópico 3": {
        "adversario": 0.0019733149092644453,
        "contrario": 0.0015433903317898512,
        "oposición": 0.0012655656319111586,
        "opositor": 0.0011736691230908036,
        "confrontación": 0.0009710551821626723,
        "resistencia": 0.0007784650078974664,
        "conservador": 0.0006881237495690584,
        "ayudar": 0.0006782602868042886,
        "gobierno": 0.0006766084698028862,
        "querer": 0.0006700607482343912
    },
    "Tópico 4": {
        "adversario": 0.0007437128224410117,
        "contrario": 0.0007201823755167425,
        "oposición": 0.0006869267672300339,
        "opositor": 0.0006793545908294618,
        "confrontación": 0.0006641495856456459,
        "resistencia": 0.0006415083189494908,
        "querer": 0.0006326705915853381,
        "conservador": 0.0006315931095741689,
        "pensar": 0.0006306360592134297,
        "tiempo": 0.0006302099791355431
    },
    "Tópico 5": {
        "adversario": 0.0014308987883850932,
        "contrario": 0.0013592180330306292,
        "opositor": 0.001063666888512671,
        "oposición": 0.0010178993688896298,
        "confrontación": 0.0008937832899391651,
        "resistencia": 0.0007476774626411498,
        "conservador": 0.0006762458360753953,
        "querer": 0.0006728827720507979,
        "enemigo": 0.0006658314378000796,
        "tiempo": 0.0006560218171216547
    },
    "Tópico 6": {
        "adversario": 0.1270127296447754,
        "contrario": 0.08963961899280548,
        "oposición": 0.06042536348104477,
        "opositor": 0.06042410433292389,
        "confrontación": 0.029046425595879555,
        "resistencia": 0.016538390889763832,
        "conservador": 0.008133454248309135,
        "querer": 0.007385503966361284,
        "enemigo": 0.005237847566604614,
        "pensar": 0.004958286881446838
    },
    "Tópico 7": {
        "adversario": 0.0038039502687752247,
        "contrario": 0.003399038454517722,
        "opositor": 0.0022768545895814896,
        "oposición": 0.002269911114126444,
        "confrontación": 0.0013359899166971445,
        "resistencia": 0.0009774279315024614,
        "querer": 0.0008599116699770093,
        "conservador": 0.0008242633775807917,
        "enemigo": 0.0007666230667382479,
        "pueblo": 0.0007528580026701093
    },
    "Tópico 8": {
        "contrario": 0.0006394383381120861,
        "adversario": 0.0006373423966579139,
        "opositor": 0.0006339268293231726,
        "confrontación": 0.000632733223028481,
        "oposición": 0.0006321155815385282,
        "resistencia": 0.0006274330662563443,
        "querer": 0.0006262889364734292,
        "pensar": 0.0006261519738472998,
        "conservador": 0.000625855871476233,
        "enemigo": 0.0006256779306568205
    },
    "Tópico 9": {
        "adversario": 0.0013809279771521688,
        "contrario": 0.0012527911458164454,
        "opositor": 0.001046079327352345,
        "oposición": 0.0009817961836233735,
        "confrontación": 0.0008526613237336278,
        "resistencia": 0.0007251767092384398,
        "querer": 0.0006774123176001012,
        "conservador": 0.0006749835447408259,
        "enemigo": 0.0006632265285588801,
        "gobierno": 0.0006536681903526187
    }
}