{
    "Tópico 0": {
        "contrario": 0.0006063930923119187,
        "adversario": 0.000606257701292634,
        "opositor": 0.0006019597058184445,
        "oposición": 0.0006007481133565307,
        "confrontación": 0.0005982922157272696,
        "resistencia": 0.000595726422034204,
        "conservador": 0.0005936539964750409,
        "político": 0.0005930952029302716,
        "querer": 0.0005926465964876115,
        "tiempo": 0.0005923871649429202
    },
    "Tópico 1": {
        "adversario": 0.001752464915625751,
        "contrario": 0.0012853830121457577,
        "opositor": 0.0012577609159052372,
        "oposición": 0.00113570352550596,
        "confrontación": 0.0009774089558050036,
        "resistencia": 0.0008235608111135662,
        "conservador": 0.0006988482200540602,
        "querer": 0.0006616503815166652,
        "político": 0.0006558290333487093,
        "pensar": 0.0006375936791300774
    },
    "Tópico 2": {
        "adversario": 0.003063816577196121,
        "contrario": 0.0020056874491274357,
        "opositor": 0.001982789719477296,
        "oposición": 0.00173210131470114,
        "confrontación": 0.0015290497103706002,
        "resistencia": 0.0011086072772741318,
        "conservador": 0.0007900235359556973,
        "político": 0.0007308630738407373,
        "querer": 0.0007175015052780509,
        "partido": 0.0006991327973082662
    },
    "Tópico 3": {
        "adversario": 0.0006906285416334867,
        "contrario": 0.00068275211378932,
        "opositor": 0.0006759794778190553,
        "oposición": 0.00065130420261994,
        "confrontación": 0.0006413256633095443,
        "resistencia": 0.0006072070682421327,
        "conservador": 0.0006039335858076811,
        "querer": 0.0006011749501340091,
        "partido": 0.0006006602779962122,
        "político": 0.0005987050826661289
    },
    "Tópico 4": {
        "adversario": 0.11555768549442291,
        "opositor": 0.07398274540901184,
        "contrario": 0.07166634500026703,
        "oposición": 0.05873384326696396,
        "confrontación": 0.043494485318660736,
        "resistencia": 0.021151479333639145,
        "conservador": 0.010779963806271553,
        "querer": 0.00774866808205843,
        "político": 0.007668300066143274,
        "partido": 0.005673306528478861
    },
    "Tópico 5": {
        "adversario": 0.0030626121442764997,
        "opositor": 0.0021376528311520815,
        "contrario": 0.0019141535740345716,
        "oposición": 0.001851979293860495,
        "confrontación": 0.0017216089181602001,
        "resistencia": 0.0010448211105540395,
        "conservador": 0.000833830505143851,
        "político": 0.00077072624117136,
        "querer": 0.0007155170314945281,
        "pensar": 0.0007087247213348746
    },
    "Tópico 6": {
        "adversario": 0.002752381842583418,
        "contrario": 0.0022250167094171047,
        "oposición": 0.002064615022391081,
        "opositor": 0.0020147650502622128,
        "confrontación": 0.0014008110156282783,
        "resistencia": 0.0011334017617627978,
        "conservador": 0.0008106358582153916,
        "político": 0.0007250697817653418,
        "querer": 0.0007178278174251318,
        "partido": 0.0007006466621533036
    },
    "Tópico 7": {
        "adversario": 0.0006624828092753887,
        "opositor": 0.0006486510392278433,
        "contrario": 0.0006351966294459999,
        "confrontación": 0.000630719237960875,
        "oposición": 0.0006294430349953473,
        "resistencia": 0.0006028770003467798,
        "político": 0.0006006704061292112,
        "conservador": 0.0005978430272080004,
        "querer": 0.0005972272483631968,
        "tiempo": 0.000594837125390768
    },
    "Tópico 8": {
        "adversario": 0.0007245268789120018,
        "contrario": 0.0006823146250098944,
        "oposición": 0.000679659191519022,
        "opositor": 0.0006688369903713465,
        "confrontación": 0.0006517049623653293,
        "resistencia": 0.0006091698305681348,
        "político": 0.0006027522613294423,
        "querer": 0.0006017775158397853,
        "conservador": 0.0006015103426761925,
        "gobierno": 0.0005977210239507258
    },
    "Tópico 9": {
        "adversario": 0.0017631574301049113,
        "opositor": 0.0015152579871937633,
        "contrario": 0.001430886797606945,
        "oposición": 0.0013849445385858417,
        "confrontación": 0.0011138402624055743,
        "resistencia": 0.0007778556318953633,
        "conservador": 0.000716470880433917,
        "querer": 0.0007053061272017658,
        "partido": 0.00067707005655393,
        "político": 0.0006669182330369949
    }
}