{
    "Tópico 0": {
        "adversario": 0.0028041538316756487,
        "contrario": 0.0018801509868353605,
        "opositor": 0.001739691593684256,
        "oposición": 0.0016271041240543127,
        "confrontación": 0.0015858686529099941,
        "resistencia": 0.001304549747146666,
        "conservador": 0.0011153608793392777,
        "querer": 0.0010600272798910737,
        "enemigo": 0.0010299407877027988,
        "político": 0.0010093668242916465
    },
    "Tópico 1": {
        "adversario": 0.0015823595458641648,
        "contrario": 0.0012695713667199016,
        "oposición": 0.00117106840480119,
        "opositor": 0.0011257559526711702,
        "confrontación": 0.0010897048050537705,
        "resistencia": 0.0010543741518631577,
        "conservador": 0.0009889294160529971,
        "querer": 0.0009748453740030527,
        "político": 0.0009714827756397426,
        "enemigo": 0.0009699976071715355
    },
    "Tópico 2": {
        "adversario": 0.0011872973991557956,
        "contrario": 0.0010396962752565742,
        "oposición": 0.001020166208036244,
        "opositor": 0.0010078228078782558,
        "confrontación": 0.0009970066603273153,
        "resistencia": 0.000981124467216432,
        "conservador": 0.0009607922984287143,
        "enemigo": 0.0009563682251609862,
        "querer": 0.0009527007350698113,
        "político": 0.0009512706310488284
    },
    "Tópico 3": {
        "adversario": 0.001909170881845057,
        "contrario": 0.0015496831620112062,
        "oposición": 0.0012533911503851414,
        "opositor": 0.0012126766378059983,
        "confrontación": 0.0011854006443172693,
        "resistencia": 0.0011381307849660516,
        "conservador": 0.0010465240338817239,
        "querer": 0.0010021887719631195,
        "enemigo": 0.000983849517069757,
        "político": 0.0009837308898568153
    },
    "Tópico 4": {
        "adversario": 0.12688638269901276,
        "contrario": 0.09013251215219498,
        "oposición": 0.053689997643232346,
        "opositor": 0.047222960740327835,
        "confrontación": 0.041427481919527054,
        "resistencia": 0.024528758600354195,
        "conservador": 0.011279314756393433,
        "enemigo": 0.007471279241144657,
        "querer": 0.007469859905540943,
        "político": 0.00614493153989315
    },
    "Tópico 5": {
        "adversario": 0.0012879627756774426,
        "oposición": 0.0011313052382320166,
        "contrario": 0.001126874121837318,
        "opositor": 0.0010831071995198727,
        "confrontación": 0.0010415201541036367,
        "resistencia": 0.0010037882020696998,
        "conservador": 0.0009742028778418899,
        "enemigo": 0.0009615515591576695,
        "político": 0.0009583297069184482,
        "laborista": 0.0009579260367900133
    },
    "Tópico 6": {
        "adversario": 0.0011382629163563251,
        "contrario": 0.0010838491143658757,
        "opositor": 0.0010494641028344631,
        "confrontación": 0.0010152648901566863,
        "oposición": 0.0010138580109924078,
        "resistencia": 0.0009781400440260768,
        "conservador": 0.0009631116408854723,
        "enemigo": 0.0009538269368931651,
        "querer": 0.0009531578980386257,
        "laborista": 0.0009516499121673405
    },
    "Tópico 7": {
        "adversario": 0.0037834597751498222,
        "contrario": 0.0031488146632909775,
        "opositor": 0.0019033241551369429,
        "confrontación": 0.0018441637512296438,
        "oposición": 0.0018196243327111006,
        "resistencia": 0.0015105074271559715,
        "conservador": 0.0011228591902181506,
        "querer": 0.0010702781146392226,
        "político": 0.0010569969890639186,
        "ayudar": 0.0010345260379835963
    },
    "Tópico 8": {
        "adversario": 0.0017224896000698209,
        "oposición": 0.001260039978660643,
        "contrario": 0.0012161177583038807,
        "opositor": 0.0011415145127102733,
        "confrontación": 0.0010906048119068146,
        "resistencia": 0.0010477137984707952,
        "conservador": 0.001009269617497921,
        "enemigo": 0.0009772335179150105,
        "querer": 0.0009753149352036417,
        "pensar": 0.0009700969094410539
    },
    "Tópico 9": {
        "adversario": 0.0013953588204458356,
        "contrario": 0.0012047160416841507,
        "opositor": 0.0011166573967784643,
        "oposición": 0.0010858338791877031,
        "confrontación": 0.001064311247318983,
        "resistencia": 0.001050759688951075,
        "conservador": 0.0009751729667186737,
        "político": 0.0009643115336075425,
        "querer": 0.0009602184290997684,
        "ayudar": 0.0009600504417903721
    }
}