{
    "Tópico 0": {
        "adversario": 0.0008341778884641826,
        "contrario": 0.0008279829635284841,
        "opositor": 0.0008131525246426463,
        "oposición": 0.0008055458893068135,
        "confrontación": 0.0007923961966298521,
        "resistencia": 0.0007245112210512161,
        "conservador": 0.0006994118448346853,
        "pensar": 0.000698464980814606,
        "político": 0.0006967249209992588,
        "querer": 0.0006948322406969965
    },
    "Tópico 1": {
        "adversario": 0.0009961783653125167,
        "opositor": 0.0009120104950852692,
        "oposición": 0.0009030771907418966,
        "confrontación": 0.0008990105125121772,
        "contrario": 0.0008557287510484457,
        "resistencia": 0.0007662452990189195,
        "político": 0.0007129937876015902,
        "conservador": 0.0007054859306663275,
        "querer": 0.0007016963209025562,
        "pensar": 0.0007001148187555373
    },
    "Tópico 2": {
        "adversario": 0.08697375655174255,
        "contrario": 0.08681165426969528,
        "opositor": 0.0636027455329895,
        "oposición": 0.062051914632320404,
        "confrontación": 0.0606113001704216,
        "resistencia": 0.02474021539092064,
        "querer": 0.007890036329627037,
        "político": 0.007798226084560156,
        "conservador": 0.00644049933180213,
        "pensar": 0.006350144278258085
    },
    "Tópico 3": {
        "adversario": 0.0021341012325137854,
        "contrario": 0.0020735058933496475,
        "oposición": 0.001969938864931464,
        "opositor": 0.001943785697221756,
        "confrontación": 0.001558381482027471,
        "resistencia": 0.0010721044382080436,
        "político": 0.0008519846596755087,
        "querer": 0.0008055421058088541,
        "gobierno": 0.000800692243501544,
        "conservador": 0.0007910659769549966
    },
    "Tópico 4": {
        "confrontación": 0.0007542005623690784,
        "adversario": 0.0007536567281931639,
        "contrario": 0.0007508276030421257,
        "opositor": 0.0007419889443553984,
        "oposición": 0.0007168547599576414,
        "resistencia": 0.0007036392344161868,
        "político": 0.0006912475801073015,
        "pensar": 0.000690834189299494,
        "querer": 0.0006903336616232991,
        "conservador": 0.0006896669510751963
    },
    "Tópico 5": {
        "adversario": 0.003492778865620494,
        "oposición": 0.0027293458115309477,
        "contrario": 0.0022484338842332363,
        "confrontación": 0.002237584674730897,
        "opositor": 0.0022013571579009295,
        "resistencia": 0.0013519917847588658,
        "querer": 0.000915861630346626,
        "político": 0.000913667434360832,
        "conservador": 0.0008516446105204523,
        "pensar": 0.0008466230356134474
    },
    "Tópico 6": {
        "adversario": 0.001140705426223576,
        "contrario": 0.0010109219001606107,
        "opositor": 0.0009446097537875175,
        "oposición": 0.0009426330798305571,
        "confrontación": 0.0009422090952284634,
        "resistencia": 0.0007740286528132856,
        "conservador": 0.0007269438938237727,
        "querer": 0.000725285557564348,
        "político": 0.0007238424732349813,
        "pensar": 0.0007217414677143097
    },
    "Tópico 7": {
        "oposición": 0.0021551831159740686,
        "contrario": 0.0021379939280450344,
        "confrontación": 0.0020544223953038454,
        "opositor": 0.0018832085188478231,
        "adversario": 0.0018238425254821777,
        "resistencia": 0.0011272497940808535,
        "político": 0.0008191621745936573,
        "querer": 0.0007907329709269106,
        "gobierno": 0.0007875695591792464,
        "pensar": 0.0007709405035711825
    },
    "Tópico 8": {
        "adversario": 0.0013113341992720962,
        "confrontación": 0.0011982179712504148,
        "contrario": 0.0011666909558698535,
        "opositor": 0.0010974275646731257,
        "oposición": 0.001027808990329504,
        "resistencia": 0.0008739210315980017,
        "querer": 0.0007419729372486472,
        "conservador": 0.0007352207321673632,
        "político": 0.0007340332958847284,
        "pensar": 0.0007295279647223651
    },
    "Tópico 9": {
        "adversario": 0.00105863600037992,
        "contrario": 0.0010488876141607761,
        "opositor": 0.0009510972886346281,
        "confrontación": 0.0009470904478803277,
        "oposición": 0.0009014694369398057,
        "resistencia": 0.0007744147442281246,
        "político": 0.0007194701465778053,
        "conservador": 0.0007164589478634298,
        "pensar": 0.0007146594580262899,
        "querer": 0.0007139471126720309
    }
}