{
    "Tópico 0": {
        "adversario": 0.0010611778125166893,
        "contrario": 0.001025698147714138,
        "oposición": 0.0009737497894093394,
        "opositor": 0.0009344872669316828,
        "confrontación": 0.0009280770318582654,
        "resistencia": 0.0008476006332784891,
        "gobierno": 0.0007291600340977311,
        "querer": 0.0007276790565811098,
        "conservador": 0.0007257252000272274,
        "político": 0.0007226640591397882
    },
    "Tópico 1": {
        "adversario": 0.0015954338014125824,
        "oposición": 0.0012168377870693803,
        "contrario": 0.0011932520428672433,
        "opositor": 0.0011417439673095942,
        "resistencia": 0.0009163792710751295,
        "confrontación": 0.0008899838430806994,
        "conservador": 0.0007468145340681076,
        "querer": 0.0007353484397754073,
        "político": 0.0007341795135289431,
        "gobierno": 0.0007261811406351626
    },
    "Tópico 2": {
        "adversario": 0.015302175655961037,
        "oposición": 0.013277959078550339,
        "contrario": 0.011364132165908813,
        "opositor": 0.008657598868012428,
        "confrontación": 0.005527994595468044,
        "resistencia": 0.0037874544505029917,
        "conservador": 0.001715183025225997,
        "político": 0.0015578147722408175,
        "gobierno": 0.0014656782150268555,
        "gente": 0.0014239430893212557
    },
    "Tópico 3": {
        "adversario": 0.08891309052705765,
        "contrario": 0.0809718444943428,
        "oposición": 0.07615184783935547,
        "opositor": 0.06080879271030426,
        "confrontación": 0.044255178421735764,
        "resistencia": 0.03337753564119339,
        "conservador": 0.008396807126700878,
        "gobierno": 0.0068998197093605995,
        "querer": 0.006700809113681316,
        "político": 0.005997139494866133
    },
    "Tópico 4": {
        "adversario": 0.0008059708634391427,
        "contrario": 0.0007806589128449559,
        "oposición": 0.0007787402719259262,
        "opositor": 0.0007568619912490249,
        "confrontación": 0.0007553998730145395,
        "resistencia": 0.0007200355175882578,
        "conservador": 0.0007067702244967222,
        "gobierno": 0.0007019354961812496,
        "querer": 0.0007004725048318505,
        "político": 0.0006995186558924615
    },
    "Tópico 5": {
        "adversario": 0.0013112041633576155,
        "contrario": 0.0012720347149297595,
        "opositor": 0.0010885243536904454,
        "oposición": 0.0010597024811431766,
        "confrontación": 0.0009743283153511584,
        "resistencia": 0.0008851607562974095,
        "querer": 0.0007424636860378087,
        "conservador": 0.0007391261751763523,
        "gobierno": 0.000731362437363714,
        "político": 0.0007299917633645236
    },
    "Tópico 6": {
        "adversario": 0.0021048462949693203,
        "contrario": 0.0019343658350408077,
        "oposición": 0.001623541465960443,
        "opositor": 0.0014831431908532977,
        "confrontación": 0.0014750310219824314,
        "resistencia": 0.0012109109666198492,
        "gobierno": 0.0008085946319624782,
        "conservador": 0.0007869504042901099,
        "político": 0.0007832514238543808,
        "gente": 0.0007787219947203994
    },
    "Tópico 7": {
        "adversario": 0.0010136845521628857,
        "contrario": 0.0010097227059304714,
        "oposición": 0.0009370033512823284,
        "opositor": 0.0008943714201450348,
        "resistencia": 0.0008554806699976325,
        "confrontación": 0.000844091409817338,
        "querer": 0.0007234166259877384,
        "político": 0.0007227063761092722,
        "conservador": 0.0007224715081974864,
        "gobierno": 0.0007189316675066948
    },
    "Tópico 8": {
        "contrario": 0.0024986716452986,
        "adversario": 0.002106647239997983,
        "opositor": 0.0017870109295472503,
        "oposición": 0.001674263272434473,
        "confrontación": 0.0013458763714879751,
        "resistencia": 0.0010975132463499904,
        "conservador": 0.0008030866156332195,
        "político": 0.0007862604688853025,
        "gobierno": 0.0007848543464206159,
        "querer": 0.0007632882334291935
    },
    "Tópico 9": {
        "adversario": 0.0025561321526765823,
        "oposición": 0.0024566783104091883,
        "contrario": 0.002389043802395463,
        "opositor": 0.002225275384262204,
        "confrontación": 0.0015689635183662176,
        "resistencia": 0.0014362916117534041,
        "conservador": 0.0008682836778461933,
        "querer": 0.0008518558461219072,
        "gobierno": 0.0008023885893635452,
        "cambio": 0.0008012867183424532
    }
}