{
    "Tópico 0": {
        "méxico": 0.00030959912692196667,
        "pueblo": 0.00028293990180827677,
        "gobierno": 0.00025672459742054343,
        "mil": 0.00025573986931703985,
        "caso": 0.0002450214815326035,
        "país": 0.0002356380718993023,
        "corrupción": 0.00023482798133045435,
        "decir": 0.00023232480452861637,
        "importante": 0.0002318305487278849,
        "gente": 0.0002299665502505377
    },
    "Tópico 1": {
        "méxico": 0.00028717261739075184,
        "gobierno": 0.00026993348728865385,
        "país": 0.00024859074619598687,
        "pueblo": 0.0002477591624483466,
        "corrupción": 0.0002442117838654667,
        "caso": 0.00024241115897893906,
        "tiempo": 0.00023570159100927413,
        "gente": 0.0002354113821638748,
        "millón": 0.00023275315470527858,
        "importante": 0.00022782452288083732
    },
    "Tópico 2": {
        "pueblo": 0.0002528190962038934,
        "méxico": 0.00024507363559678197,
        "caso": 0.00024182727793231606,
        "gente": 0.00023762555792927742,
        "gobierno": 0.0002369597932556644,
        "corrupción": 0.0002300881897099316,
        "unidos": 0.00022586046543437988,
        "país": 0.00022228954185266048,
        "mil": 0.000222285496420227,
        "público": 0.00022171242744661868
    },
    "Tópico 3": {
        "gobierno": 0.0002547335752751678,
        "pueblo": 0.00023871121811680496,
        "caso": 0.00023482044343836606,
        "corrupción": 0.00023174926172941923,
        "país": 0.00023008257267065346,
        "mil": 0.00022161260130815208,
        "méxico": 0.00022012492991052568,
        "gente": 0.000218973946175538,
        "público": 0.00021857660613022745,
        "millón": 0.0002178534778067842
    },
    "Tópico 4": {
        "méxico": 0.0004547061980701983,
        "pueblo": 0.0003819806734099984,
        "caso": 0.00037531580892391503,
        "gente": 0.0003496216959320009,
        "gobierno": 0.00032764574280008674,
        "corrupción": 0.0003192292351741344,
        "país": 0.0003128715034108609,
        "tiempo": 0.00029146348242647946,
        "mil": 0.00028140394715592265,
        "unidos": 0.00027003002469427884
    },
    "Tópico 5": {
        "méxico": 0.008750813081860542,
        "pueblo": 0.008109726943075657,
        "gobierno": 0.007762691471725702,
        "caso": 0.0067174178548157215,
        "corrupción": 0.006237335968762636,
        "país": 0.005942402873188257,
        "gente": 0.005674423649907112,
        "mil": 0.00527356518432498,
        "importante": 0.0044709728099405766,
        "millón": 0.004390534479171038
    },
    "Tópico 6": {
        "pueblo": 0.00027081597363576293,
        "gobierno": 0.0002703038917388767,
        "méxico": 0.00026550309848971665,
        "caso": 0.00026178552070632577,
        "país": 0.00024883181322366,
        "gente": 0.00024786675930954516,
        "corrupción": 0.0002463769633322954,
        "importante": 0.00024251180002465844,
        "mil": 0.00024069966457318515,
        "público": 0.00023749117099214345
    },
    "Tópico 7": {
        "méxico": 0.00030613469425588846,
        "caso": 0.0002899810206145048,
        "gobierno": 0.0002899628598242998,
        "pueblo": 0.0002874699130188674,
        "país": 0.00027278531342744827,
        "gente": 0.00025957354228012264,
        "importante": 0.0002587540075182915,
        "mil": 0.00025430580717511475,
        "millón": 0.00025021389592438936,
        "corrupción": 0.0002480889961589128
    },
    "Tópico 8": {
        "méxico": 0.0002672495611477643,
        "gobierno": 0.0002446933067403734,
        "pueblo": 0.00024395366199314594,
        "caso": 0.00024371226027142256,
        "país": 0.0002392834285274148,
        "corrupción": 0.00023785827215760946,
        "mil": 0.0002369141293456778,
        "gente": 0.00023342945496551692,
        "millón": 0.00022705804440192878,
        "público": 0.00022535794414579868
    },
    "Tópico 9": {
        "pueblo": 0.00027418628451414406,
        "méxico": 0.00026454569888301194,
        "caso": 0.0002609614748507738,
        "corrupción": 0.00024995292187668383,
        "país": 0.00024111944367177784,
        "gobierno": 0.0002396721683908254,
        "público": 0.00023780121409799904,
        "gente": 0.00023739448806736618,
        "mil": 0.0002357096382183954,
        "presidente": 0.00023182171571534127
    }
}