{
    "Tópico 0": {
        " ": 0.03155190497636795,
        "méxico": 0.009190713055431843,
        "pueblo": 0.008292202837765217,
        "mil": 0.006646777968853712,
        "país": 0.005036171060055494,
        "año": 0.0049517289735376835,
        "gobierno": 0.004866912495344877,
        "millón": 0.004562134854495525,
        "decir": 0.004545219708234072,
        "querer": 0.004476786125451326
    },
    "Tópico 1": {
        " ": 0.0005632835673168302,
        "méxico": 0.0002451282925903797,
        "pueblo": 0.00024220322666224092,
        "mil": 0.00020462178508751094,
        "año": 0.00020205506007187068,
        "decir": 0.00019555578182917088,
        "querer": 0.00019284225709270686,
        "gobierno": 0.0001922117662616074,
        "ayudar": 0.00019151641754433513,
        "país": 0.00018863321747630835
    },
    "Tópico 2": {
        " ": 0.0011097789974883199,
        "méxico": 0.0003621748764999211,
        "mil": 0.00031615071929991245,
        "pueblo": 0.00030511620570905507,
        "país": 0.0002518397232051939,
        "querer": 0.0002500603732187301,
        "gobierno": 0.00024870969355106354,
        "llegar": 0.00024278985802084208,
        "hablar": 0.0002423080150038004,
        "año": 0.00024185748770833015
    },
    "Tópico 3": {
        " ": 0.0004908764385618269,
        "pueblo": 0.00024881420540623367,
        "méxico": 0.00022166036069393158,
        "mil": 0.00020959846733603626,
        "millón": 0.00018392139463685453,
        "país": 0.00018385503790341318,
        "gobierno": 0.00018020044080913067,
        "querer": 0.00017779579502530396,
        "presidente": 0.00017690884124021977,
        "gente": 0.00017626081535127014
    },
    "Tópico 4": {
        " ": 0.00037691384204663336,
        "méxico": 0.0002062643616227433,
        "pueblo": 0.00020422750094439834,
        "mil": 0.00018374731007497758,
        "país": 0.00017734231369104236,
        "querer": 0.0001703321613604203,
        "hablar": 0.00017013483738992363,
        "año": 0.0001684725284576416,
        "unidos": 0.00016730386414565146,
        "gobierno": 0.00016524901730008423
    },
    "Tópico 5": {
        " ": 0.0005550006753765047,
        "méxico": 0.00024158471205737442,
        "mil": 0.00021700438810512424,
        "país": 0.0002134303213097155,
        "pueblo": 0.00020625372417271137,
        "decir": 0.00019313927623443305,
        "gobierno": 0.00019227562006562948,
        "presidente": 0.00019083746883552521,
        "millón": 0.00018952335813082755,
        "querer": 0.00018574966816231608
    },
    "Tópico 6": {
        " ": 0.0005163319292478263,
        "pueblo": 0.00023926710127852857,
        "méxico": 0.00022298119438346475,
        "mil": 0.00021670541900675744,
        "gobierno": 0.00020300725009292364,
        "país": 0.00019158184295520186,
        "año": 0.0001899474737001583,
        "millón": 0.0001824063656385988,
        "unidos": 0.00017732488049659878,
        "gente": 0.00017534199287183583
    },
    "Tópico 7": {
        " ": 0.00028578913770616055,
        "méxico": 0.00019288866315037012,
        "pueblo": 0.00017453107284381986,
        "mil": 0.0001559969678055495,
        "querer": 0.0001553431065985933,
        "hablar": 0.00015506468480452895,
        "millón": 0.00015327928122133017,
        "llegar": 0.0001520433579571545,
        "gobierno": 0.00015201439964585006,
        "año": 0.00015171030827332288
    },
    "Tópico 8": {
        " ": 0.0003691455931402743,
        "méxico": 0.0002005561109399423,
        "pueblo": 0.0001983209658646956,
        "mil": 0.00019691391207743436,
        "año": 0.00017558080435264856,
        "millón": 0.00017001361993607134,
        "país": 0.00016968265117611736,
        "pasar": 0.00016811580280773342,
        "gobierno": 0.00016517849871888757,
        "ayudar": 0.00016450932889711112
    },
    "Tópico 9": {
        " ": 0.0004729687061626464,
        "méxico": 0.00023343152133747935,
        "pueblo": 0.0002027261652983725,
        "año": 0.00019897575839422643,
        "mil": 0.00019660289399325848,
        "país": 0.00019031527335755527,
        "hablar": 0.00018804334104061127,
        "millón": 0.00018612763960845768,
        "querer": 0.00018225320673082024,
        "pasar": 0.00018120893219020218
    }
}