{
    "Tópico 0": {
        "pueblo": 0.007686953525990248,
        "gobierno": 0.007153945043683052,
        " ": 0.006702355574816465,
        "méxico": 0.006542794406414032,
        "gente": 0.006224383134394884,
        "caso": 0.005797382444143295,
        "país": 0.0055065094493329525,
        "año": 0.004921609535813332,
        "tiempo": 0.004868103191256523,
        "querer": 0.004362937528640032
    },
    "Tópico 1": {
        "pueblo": 0.00024362529802601784,
        "gobierno": 0.0002359644277021289,
        " ": 0.00022430409444496036,
        "méxico": 0.00021972165268380195,
        "gente": 0.00021505728363990784,
        "país": 0.000212889674003236,
        "tiempo": 0.00020972121274098754,
        "año": 0.00020563311409205198,
        "ayudar": 0.0002053635980701074,
        "cosa": 0.00019981313380412757
    },
    "Tópico 2": {
        "pueblo": 0.00022267608437687159,
        "gobierno": 0.00021854914666619152,
        " ": 0.00021701809600926936,
        "méxico": 0.00021598288731183857,
        "caso": 0.00020762391795869917,
        "gente": 0.00020636245608329773,
        "seguir": 0.000203989096917212,
        "tener": 0.00020125943410675973,
        "año": 0.0001997622603084892,
        "tiempo": 0.0001982269313884899
    },
    "Tópico 3": {
        "pueblo": 0.00028120988281443715,
        "méxico": 0.00027057252009399235,
        "gobierno": 0.000259903579717502,
        " ": 0.0002408967266092077,
        "país": 0.00024017390387598425,
        "gente": 0.00023876158229541034,
        "caso": 0.00023412011796608567,
        "mil": 0.00022131693549454212,
        "año": 0.00022065818484406918,
        "ver": 0.00022020180767867714
    },
    "Tópico 4": {
        "pueblo": 0.00025032844860106707,
        "méxico": 0.00024316157214343548,
        " ": 0.0002297746978001669,
        "país": 0.0002204341144533828,
        "caso": 0.0002203339390689507,
        "seguir": 0.0002138955460395664,
        "gobierno": 0.00021081260638311505,
        "gente": 0.0002096738899126649,
        "mil": 0.00020556707750074565,
        "tiempo": 0.00020421348745003343
    },
    "Tópico 5": {
        "gobierno": 0.0002994896494783461,
        "pueblo": 0.0002933926589321345,
        " ": 0.00028146954718977213,
        "caso": 0.0002807014971040189,
        "gente": 0.000270110962446779,
        "méxico": 0.0002591158263385296,
        "país": 0.0002551976649556309,
        "tiempo": 0.00025028566597029567,
        "año": 0.000246483541559428,
        "tener": 0.00023180799325928092
    },
    "Tópico 6": {
        "gobierno": 0.00022259076649788767,
        "gente": 0.00021891127107664943,
        "méxico": 0.0002126899635186419,
        " ": 0.0002046338195214048,
        "caso": 0.00020073368796147406,
        "pueblo": 0.00020066506112925708,
        "tiempo": 0.00019801473536062986,
        "país": 0.00019778274872805923,
        "mil": 0.00019636591605376452,
        "seguir": 0.00019456991867627949
    },
    "Tópico 7": {
        "gobierno": 0.00045705982483923435,
        "caso": 0.00045071335625834763,
        " ": 0.000436975882621482,
        "méxico": 0.0003994929720647633,
        "gente": 0.00039131802623160183,
        "pueblo": 0.00038212622166611254,
        "tiempo": 0.00035159822436980903,
        "país": 0.00035033273161388934,
        "año": 0.00035002027289010584,
        "querer": 0.0003244060790166259
    },
    "Tópico 8": {
        "pueblo": 0.00024574724375270307,
        "gobierno": 0.00023686101485509425,
        "méxico": 0.00023509206948801875,
        " ": 0.0002264101931359619,
        "gente": 0.00021881442808080465,
        "país": 0.0002187263307860121,
        "querer": 0.0002148897765437141,
        "tiempo": 0.00021303293760865927,
        "mil": 0.00021271203877404332,
        "cosa": 0.00020846111874561757
    },
    "Tópico 9": {
        "caso": 0.00025750003987923265,
        "pueblo": 0.00024961799499578774,
        " ": 0.00024298156495206058,
        "gente": 0.0002418104704702273,
        "gobierno": 0.00024143882910721004,
        "querer": 0.00024099834263324738,
        "país": 0.00023735883587505668,
        "méxico": 0.00023291770776268095,
        "año": 0.00023267736833076924,
        "tiempo": 0.00022792686650063843
    }
}