{
    "Tópico 0": {
        "presidente": 0.0003169559349771589,
        "país": 0.0003169159754179418,
        "méxico": 0.0003074592677876353,
        "pueblo": 0.0003029531508218497,
        " ": 0.0002906233421526849,
        "hablar": 0.00028564647072926164,
        "gobierno": 0.0002850286546163261,
        "gente": 0.0002835493069142103,
        "tiempo": 0.0002829621371347457,
        "millón": 0.00028053074493072927
    },
    "Tópico 1": {
        "méxico": 0.0012158212484791875,
        "hablar": 0.0011666415957733989,
        "gobierno": 0.0010992230381816626,
        "pueblo": 0.0010364115005359054,
        "mil": 0.000917089288122952,
        "gente": 0.0009062697063200176,
        "presidente": 0.0008708948153071105,
        "millón": 0.0007878587930463254,
        "país": 0.0007857894524931908,
        "decir": 0.0007824357016943395
    },
    "Tópico 2": {
        "méxico": 0.008580867201089859,
        "pueblo": 0.0070606861263513565,
        "presidente": 0.00661891046911478,
        "gobierno": 0.006425224244594574,
        " ": 0.006054511293768883,
        "millón": 0.005987226963043213,
        "mil": 0.005920953117311001,
        "hablar": 0.005853183101862669,
        "gente": 0.0058259847573935986,
        "decir": 0.0051308274269104
    },
    "Tópico 3": {
        "méxico": 0.00023012426390778273,
        "presidente": 0.00022675858053844422,
        "gente": 0.00022458912280853838,
        "pueblo": 0.00022284011356532574,
        "gobierno": 0.000220737507333979,
        " ": 0.00021774572087451816,
        "mil": 0.00021741248201578856,
        "millón": 0.0002168223581975326,
        "país": 0.00021645330707542598,
        "hablar": 0.00021363906853366643
    },
    "Tópico 4": {
        "presidente": 0.0002401758829364553,
        "méxico": 0.00023958446399774402,
        "gente": 0.000232529710046947,
        "pueblo": 0.0002273359423270449,
        "decir": 0.00022538992925547063,
        "gobierno": 0.0002239463065052405,
        "mil": 0.00022227932640817016,
        " ": 0.00021695670147892088,
        "millón": 0.00021562553592957556,
        "país": 0.0002134819806087762
    },
    "Tópico 5": {
        "presidente": 0.0003195818862877786,
        "méxico": 0.0003188574919477105,
        "pueblo": 0.0003131291305180639,
        "gobierno": 0.00030603064806200564,
        "país": 0.0002886952424887568,
        "mil": 0.0002860065142158419,
        " ": 0.00028214967460371554,
        "gente": 0.0002820903609972447,
        "millón": 0.00027786949067376554,
        "público": 0.00026344452635385096
    },
    "Tópico 6": {
        "méxico": 0.00023963702551554888,
        "pueblo": 0.00022456372971646488,
        "mil": 0.00022440181055571884,
        "gobierno": 0.00022238612291403115,
        "millón": 0.00022092719154898077,
        " ": 0.00021737809584010392,
        "decir": 0.0002167650090996176,
        "presidente": 0.00021403793653007597,
        "país": 0.0002107097825501114,
        "hablar": 0.00020905685960315168
    },
    "Tópico 7": {
        "méxico": 0.00026612915098667145,
        "pueblo": 0.0002647468645591289,
        "presidente": 0.0002571699151303619,
        "millón": 0.0002555196697358042,
        "mil": 0.0002511517668608576,
        "hablar": 0.00025009395903907716,
        "gobierno": 0.00024176457372959703,
        "gente": 0.00024031350039876997,
        "unidos": 0.00023757742019370198,
        "tiempo": 0.00023729224631097168
    },
    "Tópico 8": {
        "méxico": 0.00027542331372387707,
        "presidente": 0.0002372494200244546,
        "hablar": 0.0002357122430112213,
        "pueblo": 0.0002317304169991985,
        "mil": 0.000230257777730003,
        " ": 0.0002287348615936935,
        "gobierno": 0.00022763632296118885,
        "millón": 0.0002273143909405917,
        "gente": 0.00022720344713889062,
        "unidos": 0.00022502162028104067
    },
    "Tópico 9": {
        "méxico": 0.00024368587764911354,
        "pueblo": 0.00024250031856354326,
        "presidente": 0.0002296396705787629,
        "millón": 0.00022417111904360354,
        "gobierno": 0.00022303868900053203,
        "decir": 0.0002201294992119074,
        "gente": 0.00021829483739566058,
        "unidos": 0.0002181688614655286,
        "mil": 0.00021665985696017742,
        "hablar": 0.0002156505943275988
    }
}