{
    "Tópico 0": {
        "pueblo": 0.0002684305945876986,
        "méxico": 0.00023872956808190793,
        "gente": 0.00023434618196915835,
        "mil": 0.00023402576334774494,
        " ": 0.00023137954121921211,
        "gobierno": 0.00022508208348881453,
        "hablar": 0.00022491127310786396,
        "país": 0.00021277469932101667,
        "decir": 0.0002122611622326076,
        "seguir": 0.00020920739916618913
    },
    "Tópico 1": {
        "méxico": 0.006900373846292496,
        "mil": 0.0068758572451770306,
        "pueblo": 0.0066130394116044044,
        "gente": 0.0063439323566854,
        "gobierno": 0.006261505652219057,
        " ": 0.005912861321121454,
        "hablar": 0.00539565272629261,
        "año": 0.005294020753353834,
        "millón": 0.005150521174073219,
        "país": 0.004902653396129608
    },
    "Tópico 2": {
        "mil": 0.00019905369845218956,
        "méxico": 0.00019761273870244622,
        "decir": 0.00019086537940893322,
        "público": 0.00018264708342030644,
        "querer": 0.00018199450278189033,
        "país": 0.00018176760931964964,
        "gente": 0.00017933783237822354,
        "gobierno": 0.000179193404619582,
        "millón": 0.00017917717923410237,
        "año": 0.0001784424966899678
    },
    "Tópico 3": {
        "méxico": 0.00023138364485930651,
        " ": 0.00019779214926529676,
        "gobierno": 0.00019764815806411207,
        "querer": 0.00019353977404534817,
        "gente": 0.00019353935203980654,
        "hablar": 0.00019073998555541039,
        "mil": 0.00019019932369701564,
        "pueblo": 0.00018359518435318023,
        "año": 0.00018217087199445814,
        "público": 0.00017975096125155687
    },
    "Tópico 4": {
        "gobierno": 0.00020257823052816093,
        "pueblo": 0.00019592266471590847,
        "mil": 0.00019217973749618977,
        "gente": 0.0001884106604848057,
        "méxico": 0.0001832646521506831,
        "país": 0.00017979418043978512,
        "millón": 0.00017780669440981,
        "año": 0.00017308745009358972,
        "querer": 0.00017193010717164725,
        "caso": 0.00017132879293058068
    },
    "Tópico 5": {
        "méxico": 0.0002067295426968485,
        "gente": 0.00020437708008103073,
        "mil": 0.00019831923418678343,
        "hablar": 0.00019086227985098958,
        "decir": 0.00018878989794757217,
        "pueblo": 0.00018782680854201317,
        " ": 0.00018746328714769334,
        "millón": 0.0001843445497797802,
        "año": 0.00018391777120996267,
        "gobierno": 0.00017762937932275236
    },
    "Tópico 6": {
        "pueblo": 0.0002374021423747763,
        "méxico": 0.0002275908918818459,
        "gente": 0.0002148066705558449,
        "gobierno": 0.00021259325149003416,
        "mil": 0.00020785367814823985,
        "hablar": 0.00020734341524075717,
        "año": 0.00020060593669768423,
        "país": 0.00019850298122037202,
        "decir": 0.00019318117119837552,
        "ir": 0.00019042310304939747
    },
    "Tópico 7": {
        "año": 0.0002506843884475529,
        " ": 0.00023809235426597297,
        "méxico": 0.00023515531211160123,
        "hablar": 0.00023027023416943848,
        "mil": 0.0002290140400873497,
        "pueblo": 0.00022185187845025212,
        "gente": 0.00022152761812321842,
        "millón": 0.00021606632799375802,
        "querer": 0.0002126146573573351,
        "gobierno": 0.00021096767159178853
    },
    "Tópico 8": {
        "mil": 0.0009968284284695983,
        "gobierno": 0.0007438803440891206,
        "méxico": 0.0007304836763069034,
        "gente": 0.0007251181523315609,
        "hablar": 0.0006775746587663889,
        "pueblo": 0.0006566437077708542,
        " ": 0.000629157351795584,
        "año": 0.0005917954258620739,
        "millón": 0.0005770910647697747,
        "país": 0.0005734575097449124
    },
    "Tópico 9": {
        "mil": 0.0002125813625752926,
        "gente": 0.0001968753058463335,
        "gobierno": 0.00019562248780857772,
        "pueblo": 0.00019499969494063407,
        "público": 0.0001912733423523605,
        "país": 0.00019035469449590892,
        "año": 0.0001886029785964638,
        "hablar": 0.0001882907672552392,
        " ": 0.00018622257630340755,
        "millón": 0.00018205176456831396
    }
}