{
    "Tópico 0": {
        "decir": 0.00028918919269926846,
        "gobierno": 0.0002858145162463188,
        "año": 0.0002845186390914023,
        "público": 0.00026708259247243404,
        "corrupción": 0.00026697132852859795,
        "caso": 0.00026198598789051175,
        "pueblo": 0.00025295320665463805,
        "mil": 0.0002504214062355459,
        "país": 0.0002461681142449379,
        "gente": 0.00024391766055487096
    },
    "Tópico 1": {
        "decir": 0.00027092269738204777,
        "gobierno": 0.00026271879323758185,
        "mil": 0.00025693868519738317,
        "corrupción": 0.0002373557217651978,
        "año": 0.0002353784948354587,
        "tiempo": 0.0002351314906263724,
        "pueblo": 0.00023491693718824536,
        "méxico": 0.0002263934293296188,
        "público": 0.00022524746600538492,
        "país": 0.00022414923296310008
    },
    "Tópico 2": {
        "gobierno": 0.0002737671893555671,
        "mil": 0.00026160560082644224,
        "decir": 0.0002579993160907179,
        "gente": 0.0002514199586585164,
        "tiempo": 0.0002454935456626117,
        "público": 0.00024085570476017892,
        "pueblo": 0.0002390096487943083,
        "caso": 0.00023754863650538027,
        "año": 0.0002342818770557642,
        "corrupción": 0.0002323457010788843
    },
    "Tópico 3": {
        "gobierno": 0.007014160975813866,
        "decir": 0.006441444158554077,
        "mil": 0.005582871381193399,
        "pueblo": 0.005368376616388559,
        "caso": 0.005344816483557224,
        "año": 0.005153490696102381,
        "gente": 0.004820100497454405,
        "méxico": 0.004796649795025587,
        "corrupción": 0.004700324963778257,
        "hablar": 0.004676956217736006
    },
    "Tópico 4": {
        "gobierno": 0.00023807695833966136,
        "decir": 0.00023418561613652855,
        "caso": 0.0002211386599810794,
        "pueblo": 0.00021729421860072762,
        "año": 0.00021324823319446295,
        "gente": 0.00021198473405092955,
        "tiempo": 0.0002114488888764754,
        "mil": 0.0002065516309812665,
        "méxico": 0.0002062268613371998,
        "hablar": 0.0002054438809864223
    },
    "Tópico 5": {
        "decir": 0.00022012174304109067,
        "mil": 0.000219913839828223,
        "gobierno": 0.0002149186038877815,
        "hablar": 0.0002102008875226602,
        "pueblo": 0.00020944631251040846,
        "corrupción": 0.00020658977155108005,
        "año": 0.00019794600666500628,
        "público": 0.00019727709877770394,
        "gente": 0.00019608474394772202,
        "caso": 0.00019515461463015527
    },
    "Tópico 6": {
        "gobierno": 0.00026995071675628424,
        "pueblo": 0.00024487654445692897,
        "decir": 0.00023534544743597507,
        "año": 0.0002344963577343151,
        "mil": 0.00023311312543228269,
        "méxico": 0.0002329513372387737,
        "caso": 0.00023063854314386845,
        "hablar": 0.00022322115546558052,
        "cosa": 0.00022043648641556501,
        "país": 0.0002204041084041819
    },
    "Tópico 7": {
        "mil": 0.00021277248742990196,
        "gobierno": 0.0002126330218743533,
        "decir": 0.00020808822591789067,
        "caso": 0.00020780120394192636,
        "méxico": 0.00020607966871466488,
        "año": 0.0002024735586019233,
        "cosa": 0.00020104987197555602,
        "gente": 0.00019968596461694688,
        "corrupción": 0.00019804366456810385,
        "hablar": 0.0001967983553186059
    },
    "Tópico 8": {
        "decir": 0.00021676976757589728,
        "gobierno": 0.0002137783303624019,
        "pueblo": 0.0002064342552330345,
        "hablar": 0.00020486739231273532,
        "caso": 0.00020446357666514814,
        "mil": 0.00020009213767480105,
        "año": 0.00019728617917280644,
        "cosa": 0.00019635996432043612,
        "gente": 0.0001932566228788346,
        "tiempo": 0.00019276590319350362
    },
    "Tópico 9": {
        "pueblo": 0.00019703878206200898,
        "caso": 0.0001949540601344779,
        "gobierno": 0.0001932399027282372,
        "hablar": 0.0001928413548739627,
        "decir": 0.00019095408788416535,
        "corrupción": 0.00019074956071563065,
        "público": 0.000188864505616948,
        "año": 0.00018764182459563017,
        "mil": 0.00018736242782324553,
        "méxico": 0.0001864254882093519
    }
}