{
    "Tópico 0": {
        "mil": 0.008835204876959324,
        "gobierno": 0.00788054522126913,
        "méxico": 0.00774890324100852,
        "gente": 0.005959489848464727,
        "caso": 0.005913239438086748,
        "país": 0.0056338501162827015,
        "pueblo": 0.0054715462028980255,
        "decir": 0.004491685889661312,
        "querer": 0.004459097981452942,
        "pandemia": 0.004408020060509443
    },
    "Tópico 1": {
        "mil": 0.0002632566320244223,
        "gobierno": 0.00025634662597440183,
        "méxico": 0.00024157873122021556,
        "pueblo": 0.0002321527135791257,
        "gente": 0.00022520116181112826,
        "país": 0.0002251154655823484,
        "caso": 0.00022193983022589236,
        "decir": 0.00022008662926964462,
        "pandemia": 0.00021910830400884151,
        "ayudar": 0.00021869911870453507
    },
    "Tópico 2": {
        "gobierno": 0.00022671278566122055,
        "mil": 0.0002214516862295568,
        "méxico": 0.00021235614258330315,
        "gente": 0.00020979531109333038,
        "pueblo": 0.00020628732454497367,
        "país": 0.000206233627977781,
        "querer": 0.0001994204503716901,
        "ayudar": 0.00019900868937838823,
        "caso": 0.00019884039647877216,
        "decir": 0.00019794008403550833
    },
    "Tópico 3": {
        "gobierno": 0.0003336014342494309,
        "mil": 0.00032346913940273225,
        "pueblo": 0.00029105207067914307,
        "méxico": 0.00028212249162606895,
        "gente": 0.00028163392562419176,
        "caso": 0.00025870808167383075,
        "país": 0.0002455767535138875,
        "hablar": 0.0002452953194733709,
        "pandemia": 0.0002436035283608362,
        "ayudar": 0.0002432825422147289
    },
    "Tópico 4": {
        "mil": 0.006497862283140421,
        "gobierno": 0.0062051936984062195,
        "país": 0.005452756304293871,
        "méxico": 0.004973492119461298,
        "pueblo": 0.004667335655540228,
        "caso": 0.003755228128284216,
        "gente": 0.003459817497059703,
        "pandemia": 0.0032340758480131626,
        "tiempo": 0.0030829710885882378,
        "hablar": 0.003070589853450656
    },
    "Tópico 5": {
        "méxico": 0.00022659552632831037,
        "gobierno": 0.0002140212745871395,
        "mil": 0.00021041864238213748,
        "querer": 0.0002052946074400097,
        "pandemia": 0.0002047467278316617,
        "país": 0.00020322491764090955,
        "cosa": 0.00020229184883646667,
        "gente": 0.0002017187507590279,
        "caso": 0.0002014695928664878,
        "tiempo": 0.00020141688582953066
    },
    "Tópico 6": {
        "gobierno": 0.00021997421572450548,
        "mil": 0.00021392844791989774,
        "país": 0.00021131598623469472,
        "pueblo": 0.00021065055625513196,
        "méxico": 0.00021064936299808323,
        "gente": 0.0002090799534926191,
        "decir": 0.0002038700331468135,
        "seguir": 0.00020343658979982138,
        "caso": 0.00020339497132226825,
        "pandemia": 0.0002032155607594177
    },
    "Tópico 7": {
        "mil": 0.0002551464131101966,
        "gobierno": 0.00024019461125135422,
        "pueblo": 0.00022014116984792054,
        "caso": 0.00022006269136909395,
        "méxico": 0.00021970200759824365,
        "gente": 0.00021887769980821759,
        "tiempo": 0.0002171280066249892,
        "país": 0.00021556335559580475,
        "querer": 0.00021527423814404756,
        "hablar": 0.00020869057334493846
    },
    "Tópico 8": {
        "mil": 0.0005883598932996392,
        "méxico": 0.0005740408669225872,
        "país": 0.0004793549596797675,
        "gobierno": 0.0004658221441786736,
        "gente": 0.00045989686623215675,
        "caso": 0.0004507356497924775,
        "hablar": 0.0004425766528584063,
        "pueblo": 0.0004394961870275438,
        "decir": 0.0004285612085368484,
        "querer": 0.0004028251569252461
    },
    "Tópico 9": {
        "gobierno": 0.0005976268439553678,
        "méxico": 0.0005382440285757184,
        "mil": 0.0005368416314013302,
        "gente": 0.0004555171472020447,
        "caso": 0.0004392084083519876,
        "país": 0.00043362201540730894,
        "querer": 0.000389731751056388,
        "millón": 0.0003880504227709025,
        "pueblo": 0.00038090956513769925,
        "tiempo": 0.0003606338577810675
    }
}