{
    "Tópico 0": {
        "pueblo": 0.00027350574964657426,
        " ": 0.0002510588092263788,
        "gente": 0.00024843038409017026,
        "méxico": 0.00022879670723341405,
        "caso": 0.00022180653468240052,
        "millón": 0.00021595282305497676,
        "mil": 0.0002149982174159959,
        "tiempo": 0.0002148186758859083,
        "gobierno": 0.00021366370492614806,
        "país": 0.0002106011816067621
    },
    "Tópico 1": {
        " ": 0.001438245759345591,
        "mil": 0.0011918050004169345,
        "pueblo": 0.0010791912209242582,
        "decir": 0.0009141463087871671,
        "tiempo": 0.0008231481770053506,
        "caso": 0.0008053099736571312,
        "país": 0.0007844512001611292,
        "llegar": 0.0007656056550331414,
        "méxico": 0.000757527828682214,
        "gente": 0.0007509724237024784
    },
    "Tópico 2": {
        " ": 0.00027549764490686357,
        "pueblo": 0.00022793783864472061,
        "gente": 0.00022437761072069407,
        "caso": 0.0002013626362895593,
        "mil": 0.00019894962315447628,
        "tiempo": 0.00019609008450061083,
        "decir": 0.00019577179045882076,
        "país": 0.0001950388541445136,
        "tener": 0.00019347995112184435,
        "méxico": 0.00019216880900785327
    },
    "Tópico 3": {
        "méxico": 0.00024334370391443372,
        " ": 0.0002243912749690935,
        "pueblo": 0.0002094344818033278,
        "mil": 0.00020440903608687222,
        "gente": 0.00020065903663635254,
        "gobierno": 0.00019974884344264865,
        "caso": 0.00019439871539361775,
        "querer": 0.00019159511430189013,
        "tiempo": 0.00018551172979641706,
        "llegar": 0.00018516319687478244
    },
    "Tópico 4": {
        " ": 0.00021848957112524658,
        "pueblo": 0.00020094496721867472,
        "mil": 0.00019385556515771896,
        "méxico": 0.00019315374083817005,
        "gente": 0.00019017131126020104,
        "caso": 0.0001862131175585091,
        "gobierno": 0.00018111563986167312,
        "decir": 0.00018052583618555218,
        "querer": 0.00018049750360660255,
        "millón": 0.00017946885782293975
    },
    "Tópico 5": {
        " ": 0.00028088808176107705,
        "pueblo": 0.00021496901172213256,
        "mil": 0.00020703909103758633,
        "méxico": 0.00020543407299555838,
        "gobierno": 0.00020536768715828657,
        "gente": 0.00019995091133750975,
        "querer": 0.00019432057160884142,
        "decir": 0.0001929908466991037,
        "unidos": 0.00019185732526239008,
        "caso": 0.00019018701277673244
    },
    "Tópico 6": {
        " ": 0.010847344994544983,
        "pueblo": 0.007926085032522678,
        "méxico": 0.006889880169183016,
        "gente": 0.006586263421922922,
        "mil": 0.006101543083786964,
        "gobierno": 0.0054166279733181,
        "decir": 0.005325633101165295,
        "caso": 0.004893049132078886,
        "tiempo": 0.0047409795224666595,
        "año": 0.0043327659368515015
    },
    "Tópico 7": {
        " ": 0.00025062059285119176,
        "méxico": 0.000211022183066234,
        "gente": 0.00020600830612238497,
        "mil": 0.00020478901569731534,
        "gobierno": 0.00020356188178993762,
        "pueblo": 0.00020037946524098516,
        "decir": 0.0001985303097171709,
        "tiempo": 0.00019605142006184906,
        "llegar": 0.00019395360141061246,
        "año": 0.0001878623297670856
    },
    "Tópico 8": {
        " ": 0.0002511417551431805,
        "pueblo": 0.0002379704819759354,
        "méxico": 0.00021981690952088684,
        "mil": 0.00021174746507313102,
        "gente": 0.00020937560475431383,
        "país": 0.0001999056403292343,
        "decir": 0.00019492919091135263,
        "caso": 0.00019274608348496258,
        "año": 0.00019225252617616206,
        "hablar": 0.0001918444031616673
    },
    "Tópico 9": {
        " ": 0.0003333835629746318,
        "méxico": 0.00021019717678427696,
        "tiempo": 0.00020240727462805808,
        "gente": 0.0002006983122555539,
        "gobierno": 0.00020010305161122233,
        "mil": 0.00019735880778171122,
        "pueblo": 0.00019692929345183074,
        "decir": 0.00019228507881052792,
        "hablar": 0.00019032551790587604,
        "quedar": 0.000188814228749834
    }
}