{
    "Tópico 0": {
        " ": 0.0008323760703206062,
        "pueblo": 0.0003964634670410305,
        "gente": 0.0003907772188540548,
        "méxico": 0.0003889068029820919,
        "gobierno": 0.00035353351267986,
        "país": 0.0003452728851698339,
        "seguir": 0.00033654324943199754,
        "año": 0.00030062327277846634,
        "hablar": 0.0002967291511595249,
        "dinero": 0.0002918625541497022
    },
    "Tópico 1": {
        " ": 0.0005067841848358512,
        "pueblo": 0.00026652359520085156,
        "gobierno": 0.00024897122057154775,
        "méxico": 0.00024665379896759987,
        "país": 0.00024180454784072936,
        "querer": 0.00023738159507047385,
        "gente": 0.0002349046990275383,
        "seguir": 0.0002243230410385877,
        "hablar": 0.00021763748372904956,
        "tiempo": 0.00021589730749838054
    },
    "Tópico 2": {
        " ": 0.0003228559799026698,
        "pueblo": 0.00021562913025263697,
        "gente": 0.0001989281881833449,
        "gobierno": 0.000193795669474639,
        "méxico": 0.00019202819385100156,
        "seguir": 0.00018970649398397654,
        "decir": 0.00018654760788194835,
        "querer": 0.0001857125316746533,
        "año": 0.00018554071721155196,
        "pasar": 0.0001831859117373824
    },
    "Tópico 3": {
        " ": 0.021481243893504143,
        "pueblo": 0.007990173995494843,
        "méxico": 0.006077587138861418,
        "gobierno": 0.0058559030294418335,
        "gente": 0.00570729048922658,
        "país": 0.004787562880665064,
        "decir": 0.004392491187900305,
        "seguir": 0.004365985281765461,
        "caso": 0.004343295469880104,
        "año": 0.0042429049499332905
    },
    "Tópico 4": {
        " ": 0.0004320072184782475,
        "pueblo": 0.0002291097625857219,
        "méxico": 0.0002281392808072269,
        "gobierno": 0.00022459762112703174,
        "gente": 0.00022109514975454658,
        "seguir": 0.00021278134954627603,
        "país": 0.0002096087991958484,
        "caso": 0.00020176325051579624,
        "hablar": 0.00020069678430445492,
        "tiempo": 0.00020059460075572133
    },
    "Tópico 5": {
        " ": 0.0010115159675478935,
        "méxico": 0.0004241371643729508,
        "pueblo": 0.0004237883258610964,
        "querer": 0.00038759407470934093,
        "gobierno": 0.0003725952410604805,
        "país": 0.00037198615609668195,
        "seguir": 0.00036161980824545026,
        "hablar": 0.00034943694481626153,
        "año": 0.0003464527544565499,
        "decir": 0.0003449056821409613
    },
    "Tópico 6": {
        " ": 0.0003145321097690612,
        "pueblo": 0.00023459784279111773,
        "gente": 0.00019767804769799113,
        "méxico": 0.0001969513250514865,
        "querer": 0.00019444862846285105,
        "año": 0.00019212767074350268,
        "caso": 0.00018897606059908867,
        "país": 0.00018664897652342916,
        "informar": 0.00018524569168221205,
        "decir": 0.00018439392442815006
    },
    "Tópico 7": {
        " ": 0.00023975099611561745,
        "gobierno": 0.00019233353668823838,
        "méxico": 0.0001911912258947268,
        "pueblo": 0.00018776982324197888,
        "año": 0.00018619955517351627,
        "gente": 0.00018109791562892497,
        "país": 0.00017913868941832334,
        "querer": 0.0001783287589205429,
        "hablar": 0.00017793291772250086,
        "caso": 0.00017648447828833014
    },
    "Tópico 8": {
        " ": 0.0004298500425647944,
        "pueblo": 0.00022715647355653346,
        "méxico": 0.00022347386402543634,
        "gente": 0.00021541603200603276,
        "país": 0.00021290485165081918,
        "hablar": 0.00021216699678916484,
        "caso": 0.00020828214474022388,
        "gobierno": 0.00020771939307451248,
        "año": 0.00020195331308059394,
        "seguir": 0.00020020143711008132
    },
    "Tópico 9": {
        " ": 0.00030602674814872444,
        "pueblo": 0.00021949753863736987,
        "país": 0.00020593180670402944,
        "méxico": 0.0002053154748864472,
        "caso": 0.00020083860727027059,
        "gobierno": 0.00019915204029530287,
        "gente": 0.00019447895465418696,
        "decir": 0.00019309879280626774,
        "ayudar": 0.00019240786787122488,
        "querer": 0.00019105972023680806
    }
}