{
    "Tópico 0": {
        " ": 0.0004148425650782883,
        "pueblo": 0.0002473143977113068,
        "mil": 0.0001934821775648743,
        "méxico": 0.00019347899069543928,
        "gobierno": 0.00019127638370264322,
        "gente": 0.00018856600217986852,
        "país": 0.00018821496632881463,
        "hablar": 0.00018677256593946368,
        "cosa": 0.00018326006829738617,
        "decir": 0.00018127236398868263
    },
    "Tópico 1": {
        " ": 0.0005924862343817949,
        "pueblo": 0.00032929054577834904,
        "méxico": 0.0002708635001908988,
        "gobierno": 0.00024941281299106777,
        "querer": 0.00024406517331954092,
        "hablar": 0.00023830465215723962,
        "país": 0.0002210620732512325,
        "gente": 0.00021391717018559575,
        "presidente": 0.00021373506751842797,
        "público": 0.0002104856976075098
    },
    "Tópico 2": {
        " ": 0.000490053091198206,
        "pueblo": 0.0002520419657230377,
        "méxico": 0.00023541567497886717,
        "gente": 0.00022014998830854893,
        "gobierno": 0.00021614861907437444,
        "presidente": 0.0002052396012004465,
        "salud": 0.00020360495545901358,
        "mil": 0.0002008582087000832,
        "país": 0.00019899937615264207,
        "tiempo": 0.0001989001320907846
    },
    "Tópico 3": {
        " ": 0.0004245269519742578,
        "pueblo": 0.0002799534995574504,
        "gente": 0.00022259804245550185,
        "méxico": 0.00021319460938684642,
        "decir": 0.00020696697174571455,
        "gobierno": 0.00020372004655655473,
        "hablar": 0.00020093318016733974,
        "querer": 0.00019748539489228278,
        "presidente": 0.00019526510732248425,
        "cosa": 0.00019440773758105934
    },
    "Tópico 4": {
        " ": 0.0008556086104363203,
        "pueblo": 0.00042819484951905906,
        "gente": 0.0002738446928560734,
        "presidente": 0.0002721775381360203,
        "hablar": 0.00027039856649935246,
        "país": 0.0002681318437680602,
        "gobierno": 0.00025851756799966097,
        "querer": 0.0002535394160076976,
        "cosa": 0.00024845832376740873,
        "salud": 0.0002444598649162799
    },
    "Tópico 5": {
        " ": 0.0005581336445175111,
        "pueblo": 0.00028696705703623593,
        "méxico": 0.00023633726232219487,
        "querer": 0.00023512958432547748,
        "mil": 0.0002216305729234591,
        "gobierno": 0.00021391271729953587,
        "decir": 0.00021364836720749736,
        "país": 0.0002125937899108976,
        "hablar": 0.00020549114560708404,
        "gente": 0.00020267802756279707
    },
    "Tópico 6": {
        " ": 0.0002929985348600894,
        "pueblo": 0.0001974412880372256,
        "méxico": 0.00019172680913470685,
        "querer": 0.00017678705626167357,
        "gente": 0.00017585474415682256,
        "mil": 0.0001702841982478276,
        "hablar": 0.0001700761349638924,
        "ir": 0.0001676860556472093,
        "caso": 0.00016600593517068774,
        "presidente": 0.0001655000523896888
    },
    "Tópico 7": {
        " ": 0.0003678554785437882,
        "pueblo": 0.0002634084958117455,
        "méxico": 0.0002342903899261728,
        "gente": 0.0002077174576697871,
        "gobierno": 0.00019439392781350762,
        "decir": 0.0001919346395879984,
        "cosa": 0.00018665903189685196,
        "salud": 0.00018588472448755056,
        "mil": 0.00018513723625801504,
        "caso": 0.00018439402629155666
    },
    "Tópico 8": {
        " ": 0.025179598480463028,
        "pueblo": 0.010516559705138206,
        "méxico": 0.006967592053115368,
        "gente": 0.006002906709909439,
        "gobierno": 0.005326753947883844,
        "hablar": 0.0052887992933392525,
        "querer": 0.005075955297797918,
        "decir": 0.004980422090739012,
        "presidente": 0.004864056129008532,
        "mil": 0.0048449356108903885
    },
    "Tópico 9": {
        " ": 0.00025832420215010643,
        "pueblo": 0.00020137174578849226,
        "méxico": 0.00017304776702076197,
        "país": 0.000168959770235233,
        "gente": 0.0001658763940213248,
        "presidente": 0.00016544410027563572,
        "querer": 0.00016390402743127197,
        "tiempo": 0.00016322144074365497,
        "gobierno": 0.00016041184426285326,
        "salud": 0.0001599597162567079
    }
}