{
    "Tópico 0": {
        "gobierno": 0.00025666618603281677,
        "méxico": 0.00024944424512796104,
        "país": 0.00023975597287062556,
        "decir": 0.0002378006756771356,
        "hablar": 0.00023309877724386752,
        "año": 0.00023264579067472368,
        "pueblo": 0.00023180361313279718,
        "caso": 0.0002316121681360528,
        "corrupción": 0.00023144195438362658,
        "mil": 0.00023140283883549273
    },
    "Tópico 1": {
        "gobierno": 0.0002929042384494096,
        "méxico": 0.0002753149310592562,
        "mil": 0.0002627031353767961,
        "país": 0.00025532505242154,
        "decir": 0.00025137365446425974,
        "pueblo": 0.0002478528185747564,
        "año": 0.00024588589440099895,
        "querer": 0.00024461012799292803,
        "unidos": 0.0002416322531644255,
        "importante": 0.0002398969663772732
    },
    "Tópico 2": {
        "gobierno": 0.0002752687141764909,
        "país": 0.0002466393052600324,
        "pueblo": 0.0002463229466229677,
        "unidos": 0.00024391553597524762,
        "méxico": 0.00024347314320039004,
        "decir": 0.00024164332717191428,
        "querer": 0.00024152567493729293,
        "mil": 0.00023516036162618548,
        "ver": 0.00023175821115728468,
        "corrupción": 0.0002308820403413847
    },
    "Tópico 3": {
        "gobierno": 0.0003551939153112471,
        "méxico": 0.0003005513281095773,
        "pueblo": 0.00029379254556261003,
        "país": 0.00028933194698765874,
        "mil": 0.0002778536581899971,
        "corrupción": 0.00027259415946900845,
        "querer": 0.0002717109746299684,
        "hablar": 0.00026924314443022013,
        "decir": 0.00026902445824816823,
        "gente": 0.0002673417329788208
    },
    "Tópico 4": {
        "gobierno": 0.0003272180038038641,
        "país": 0.0002794876927509904,
        "mil": 0.0002704919024836272,
        "querer": 0.00026776190497912467,
        "méxico": 0.0002667113149072975,
        "decir": 0.0002640672610141337,
        "hablar": 0.00026355512090958655,
        "unidos": 0.0002633740077726543,
        "pueblo": 0.000263076537521556,
        "tiempo": 0.00024928845232352614
    },
    "Tópico 5": {
        "gobierno": 0.0003192567965015769,
        "méxico": 0.00028867836226709187,
        "pueblo": 0.0002714504371397197,
        "mil": 0.00027131574461236596,
        "decir": 0.0002711004635784775,
        "corrupción": 0.0002640692691784352,
        "país": 0.00026188086485490203,
        "tiempo": 0.0002584915782790631,
        "hablar": 0.000253095175139606,
        "unidos": 0.0002529774501454085
    },
    "Tópico 6": {
        "gobierno": 0.00028398368158377707,
        "país": 0.000277275568805635,
        "méxico": 0.0002732259745243937,
        "decir": 0.00025552939041517675,
        "pueblo": 0.000250296201556921,
        "gente": 0.00024686267715878785,
        "mil": 0.0002427671424811706,
        "caso": 0.0002421684912405908,
        "atender": 0.00024148871307261288,
        "hablar": 0.00023968851019162685
    },
    "Tópico 7": {
        "gobierno": 0.010321326553821564,
        "méxico": 0.007725140545517206,
        "país": 0.006241136696189642,
        "pueblo": 0.006173980422317982,
        "mil": 0.005836748518049717,
        "decir": 0.005802977364510298,
        "hablar": 0.005061279516667128,
        "unidos": 0.004859158769249916,
        "corrupción": 0.004825124517083168,
        "gente": 0.004724208731204271
    },
    "Tópico 8": {
        "gobierno": 0.00031836566631682217,
        "méxico": 0.0002987635089084506,
        "pueblo": 0.0002781309012789279,
        "decir": 0.0002605788176879287,
        "tiempo": 0.00025610829470679164,
        "mil": 0.0002548473421484232,
        "hablar": 0.00025354401441290975,
        "gente": 0.00025340417050756514,
        "caso": 0.00025267628370784223,
        "país": 0.00025254127103835344
    },
    "Tópico 9": {
        "gobierno": 0.0002908592578023672,
        "méxico": 0.00027345609851181507,
        "corrupción": 0.0002588999050203711,
        "mil": 0.00025609874865040183,
        "país": 0.00025178666692227125,
        "decir": 0.0002515483065508306,
        "pueblo": 0.0002485857403371483,
        "hablar": 0.00024550367379561067,
        "gente": 0.00024447013856843114,
        "caso": 0.00024441644200123847
    }
}