{
    "Tópico 0": {
        " ": 0.00031423207838088274,
        "gobierno": 0.00021247315453365445,
        "pueblo": 0.00019586562120821327,
        "año": 0.00019238922686781734,
        "gente": 0.0001842884812504053,
        "mil": 0.00017678411677479744,
        "decir": 0.00017597088299226016,
        "méxico": 0.00017202342860400677,
        "querer": 0.00017004764231387526,
        "país": 0.00016825056809466332
    },
    "Tópico 1": {
        " ": 0.001219834084622562,
        "pueblo": 0.0006155711598694324,
        "gente": 0.000539536529686302,
        "méxico": 0.0005270985420793295,
        "gobierno": 0.0004914231831207871,
        "año": 0.0004496902402024716,
        "caso": 0.0004383329942356795,
        "decir": 0.00043352210195735097,
        "querer": 0.00038931233575567603,
        "presidente": 0.0003820487763732672
    },
    "Tópico 2": {
        " ": 0.00024120276793837547,
        "gobierno": 0.0002088721375912428,
        "gente": 0.00020738891907967627,
        "mil": 0.000199821253772825,
        "méxico": 0.0001960600638994947,
        "pueblo": 0.0001870588312158361,
        "querer": 0.0001769632799550891,
        "caso": 0.00017309722898062319,
        "presidente": 0.00017154659144580364,
        "año": 0.00017052995099220425
    },
    "Tópico 3": {
        " ": 0.00027017740649171174,
        "pueblo": 0.00022218238154891878,
        "méxico": 0.00019511925347615033,
        "gente": 0.00018994872516486794,
        "querer": 0.00018796700169332325,
        "gobierno": 0.00018194392032455653,
        "año": 0.00017796370957512408,
        "caso": 0.00017501271213404834,
        "ayudar": 0.00017480742826592177,
        "ver": 0.0001747263449942693
    },
    "Tópico 4": {
        " ": 0.015148375183343887,
        "pueblo": 0.007428202778100967,
        "méxico": 0.007078980561345816,
        "gobierno": 0.006539758760482073,
        "gente": 0.0059450105763971806,
        "mil": 0.005320473108440638,
        "año": 0.005197172053158283,
        "querer": 0.004935118369758129,
        "decir": 0.004917734768241644,
        "caso": 0.0047609261237084866
    },
    "Tópico 5": {
        " ": 0.0002465340367052704,
        "pueblo": 0.00017742942145559937,
        "gobierno": 0.0001744738401612267,
        "méxico": 0.00017394944734405726,
        "gente": 0.00017300201579928398,
        "querer": 0.0001664664305280894,
        "caso": 0.00016235483053606004,
        "año": 0.00015820906264707446,
        "tiempo": 0.00015620625345036387,
        "mil": 0.00015558495942968875
    },
    "Tópico 6": {
        " ": 0.0002864309644792229,
        "pueblo": 0.0001948345307027921,
        "año": 0.00018018038826994598,
        "mil": 0.00017893390031531453,
        "querer": 0.00017641567683313042,
        "gente": 0.0001760423183441162,
        "caso": 0.00017603367450647056,
        "decir": 0.00017330436094198376,
        "gobierno": 0.00017294379358645529,
        "hablar": 0.00017153134103864431
    },
    "Tópico 7": {
        " ": 0.00023193129163701087,
        "méxico": 0.00017876914353109896,
        "querer": 0.00017594244854990393,
        "pueblo": 0.00017306295922026038,
        "gente": 0.00017099312390200794,
        "caso": 0.00016203410632442683,
        "decir": 0.00016123753448482603,
        "gobierno": 0.00015843678556848317,
        "hablar": 0.0001581938995514065,
        "mil": 0.0001565526326885447
    },
    "Tópico 8": {
        " ": 0.0002858013322111219,
        "méxico": 0.0002211499959230423,
        "año": 0.0002051089541055262,
        "pueblo": 0.00020103623683098704,
        "querer": 0.00018932961393147707,
        "decir": 0.00018418821855448186,
        "gobierno": 0.00017988411127589643,
        "mil": 0.00017582766304258257,
        "seguir": 0.0001731946977088228,
        "tener": 0.00016750428767409176
    },
    "Tópico 9": {
        " ": 0.0006545967771671712,
        "méxico": 0.0004433281719684601,
        "gente": 0.00033153672120533884,
        "pueblo": 0.00032419839408248663,
        "gobierno": 0.0003223417152184993,
        "presidente": 0.0002628858492244035,
        "decir": 0.00025810112128965557,
        "querer": 0.00025805854238569736,
        "mil": 0.0002498221001587808,
        "seguir": 0.0002442498807795346
    }
}