{
    "Tópico 0": {
        "méxico": 0.00021024375746492296,
        "unidos": 0.00020582294382620603,
        "país": 0.00018700718646869063,
        "pueblo": 0.0001866173988673836,
        "presidente": 0.00018382487178314477,
        "mil": 0.00018359666864853352,
        "decir": 0.00018046703189611435,
        " ": 0.00018007469770964235,
        "querer": 0.00017574671073816717,
        "gente": 0.0001757388818077743
    },
    "Tópico 1": {
        "méxico": 0.00024339332594536245,
        "unidos": 0.00019715330563485622,
        "gobierno": 0.00018228172848466784,
        "presidente": 0.00018000027921516448,
        "año": 0.00017974838556256145,
        "gente": 0.0001783807820174843,
        "querer": 0.00017702319019008428,
        "hablar": 0.00017416346236132085,
        "ver": 0.00017414569447282702,
        "pueblo": 0.00017365931125823408
    },
    "Tópico 2": {
        "méxico": 0.010707761161029339,
        "pueblo": 0.007151502184569836,
        "unidos": 0.0068650334142148495,
        "mil": 0.005939811933785677,
        "gobierno": 0.005716109648346901,
        "decir": 0.005608683917671442,
        " ": 0.005156878847628832,
        "país": 0.005015102680772543,
        "gente": 0.004934933967888355,
        "presidente": 0.004891355521976948
    },
    "Tópico 3": {
        "méxico": 0.0003482186293695122,
        "pueblo": 0.0003029083018191159,
        "decir": 0.0002714438014663756,
        "mil": 0.00026942213298752904,
        "unidos": 0.00026414197054691613,
        "gobierno": 0.00025767917395569384,
        " ": 0.00025005347561091185,
        "presidente": 0.00023073052580002695,
        "millón": 0.00022199281374923885,
        "año": 0.00022121351503301412
    },
    "Tópico 4": {
        "méxico": 0.00023131826310418546,
        "mil": 0.00020219202269800007,
        "pueblo": 0.000191026963875629,
        "unidos": 0.00019098362827207893,
        "querer": 0.0001884589291876182,
        "hablar": 0.00018606011872179806,
        "presidente": 0.00018503371393308043,
        "país": 0.00018424160953145474,
        "gente": 0.00018353834457229823,
        " ": 0.00018205960805062205
    },
    "Tópico 5": {
        "méxico": 0.0002422031102469191,
        "pueblo": 0.00023389607667922974,
        "gobierno": 0.00022036828158888966,
        "unidos": 0.00022002763580530882,
        " ": 0.00020668127399403602,
        "año": 0.0002055795630440116,
        "decir": 0.00020509061869233847,
        "presidente": 0.00019796511332970113,
        "mil": 0.00019341279403306544,
        "querer": 0.0001933045277837664
    },
    "Tópico 6": {
        "méxico": 0.00023545281146652997,
        "pueblo": 0.00021613389253616333,
        "unidos": 0.00020803905499633402,
        "mil": 0.00019552589219529182,
        "año": 0.00019551889272406697,
        " ": 0.00019272284407634288,
        "gente": 0.000190618826309219,
        "gobierno": 0.00018865987658500671,
        "presidente": 0.00018824740254785866,
        "país": 0.00018636658205650747
    },
    "Tópico 7": {
        "méxico": 0.0006497297435998917,
        "pueblo": 0.0005589536158367991,
        " ": 0.0005118277040310204,
        "decir": 0.0004755347326863557,
        "unidos": 0.0004743973258882761,
        "país": 0.00042658677557483315,
        "mil": 0.0004177602822892368,
        "año": 0.0004015837039332837,
        "presidente": 0.00039335351902991533,
        "querer": 0.00037471228279173374
    },
    "Tópico 8": {
        "méxico": 0.00032082796678878367,
        "decir": 0.00026809671544469893,
        "mil": 0.00026139835244975984,
        " ": 0.00025006060604937375,
        "pueblo": 0.00023842358496040106,
        "gobierno": 0.00022428715601563454,
        "unidos": 0.0002218086301581934,
        "presidente": 0.0002140380529453978,
        "país": 0.00021393346833065152,
        "gente": 0.00021022601868025959
    },
    "Tópico 9": {
        "méxico": 0.0005740225897170603,
        "decir": 0.00043646091944538057,
        "pueblo": 0.00042495320667512715,
        "unidos": 0.0004183206765446812,
        "mil": 0.00038400301127694547,
        "país": 0.0003674539038911462,
        "hablar": 0.00036679598269984126,
        "presidente": 0.00035198760451748967,
        "año": 0.0003322333504911512,
        "querer": 0.00033206382067874074
    }
}