{
    "Tópico 0": {
        "gobierno": 0.00026010326109826565,
        "año": 0.00025329829077236354,
        "corrupción": 0.00024992800899781287,
        "méxico": 0.0002455684880260378,
        "mil": 0.00024033758381847292,
        "gente": 0.00023917054932098836,
        "país": 0.00023589532065670937,
        "público": 0.0002345839311601594,
        "decir": 0.00023340547340922058,
        "caso": 0.00023314780264627188
    },
    "Tópico 1": {
        "gobierno": 0.00029783762875013053,
        "público": 0.00025774899404495955,
        "país": 0.0002555841056164354,
        "caso": 0.0002552988298702985,
        "corrupción": 0.0002527042233850807,
        "gente": 0.00024813914205878973,
        "mil": 0.0002481017727404833,
        "méxico": 0.0002469450992066413,
        "querer": 0.00024399254471063614,
        "tiempo": 0.0002404194965492934
    },
    "Tópico 2": {
        "gobierno": 0.00027690158458426595,
        "caso": 0.00025502635980956256,
        "corrupción": 0.0002472483611200005,
        "público": 0.0002456741058267653,
        "país": 0.00024457243853248656,
        "gente": 0.00023717728618066758,
        "empresa": 0.0002365998807363212,
        "méxico": 0.00023385295935440809,
        "tener": 0.00023282475012820214,
        "pueblo": 0.0002327400288777426
    },
    "Tópico 3": {
        "méxico": 0.000260309549048543,
        "corrupción": 0.00025073872529901564,
        "gente": 0.0002495991357136518,
        "gobierno": 0.00024559826124459505,
        "querer": 0.0002421888493699953,
        "mil": 0.00024211143318098038,
        "público": 0.00024127966025844216,
        "país": 0.0002391775487922132,
        "cosa": 0.0002371963346377015,
        "pueblo": 0.0002357071643928066
    },
    "Tópico 4": {
        "corrupción": 0.0003259390068706125,
        "gobierno": 0.00031777151161804795,
        "año": 0.0003022269520442933,
        "querer": 0.0002902656851802021,
        "empresa": 0.0002876049838960171,
        "gente": 0.0002817169006448239,
        "país": 0.0002731163694988936,
        "mil": 0.00027001925627700984,
        "importante": 0.0002697535674087703,
        "caso": 0.0002684613864403218
    },
    "Tópico 5": {
        "gobierno": 0.00031559026683680713,
        "corrupción": 0.0002834199694916606,
        "méxico": 0.00026902463287115097,
        "caso": 0.00026627021725289524,
        "país": 0.00026438484201207757,
        "pueblo": 0.0002508323232177645,
        "gente": 0.00024745857808738947,
        "querer": 0.0002474357024766505,
        "mil": 0.00024643150391057134,
        "empresa": 0.0002464059798512608
    },
    "Tópico 6": {
        "gobierno": 0.0002670921676326543,
        "público": 0.0002619257429614663,
        "caso": 0.0002531623758841306,
        "tiempo": 0.00024293604656122625,
        "corrupción": 0.00024114531697705388,
        "país": 0.00024028390180319548,
        "gente": 0.00023718430020380765,
        "empresa": 0.00023535286891274154,
        "méxico": 0.0002337450860068202,
        "año": 0.00023356758174486458
    },
    "Tópico 7": {
        "gobierno": 0.00026960199465975165,
        "corrupción": 0.0002474839275237173,
        "público": 0.00023369182599708438,
        "gente": 0.0002315217861905694,
        "país": 0.00022765557514503598,
        "tiempo": 0.00022631819592788815,
        "empresa": 0.00022559391800314188,
        "caso": 0.0002243974304292351,
        "mil": 0.00022303777222987264,
        "pueblo": 0.00022272023488767445
    },
    "Tópico 8": {
        "gobierno": 0.008783391676843166,
        "corrupción": 0.006538246292620897,
        "caso": 0.005548927467316389,
        "país": 0.005515504628419876,
        "gente": 0.005350564606487751,
        "méxico": 0.005218348931521177,
        "público": 0.005086230579763651,
        "empresa": 0.004921587649732828,
        "mil": 0.004822446033358574,
        "año": 0.00478904927149415
    },
    "Tópico 9": {
        "gobierno": 0.0002668488014023751,
        "corrupción": 0.0002487206947989762,
        "país": 0.0002441389369778335,
        "méxico": 0.00023753770801704377,
        "tiempo": 0.00023353935102932155,
        "gente": 0.000232097358093597,
        "año": 0.0002305613597854972,
        "empresa": 0.00023027765564620495,
        "mil": 0.00022937946778256446,
        "pueblo": 0.00022556034673471004
    }
}