{
    "Tópico 0": {
        "gobierno": 0.00033546489430591464,
        "caso": 0.0002674003771971911,
        "país": 0.00026551951305009425,
        "mil": 0.00026114252978004515,
        "méxico": 0.00025274866493418813,
        "corrupción": 0.00025215555797331035,
        "tiempo": 0.0002489429898560047,
        "empresa": 0.0002461221010889858,
        "cosa": 0.000244869472226128,
        "año": 0.00024301020312123
    },
    "Tópico 1": {
        "gobierno": 0.008782362565398216,
        "corrupción": 0.006538841407746077,
        "caso": 0.005548856686800718,
        "país": 0.005515160970389843,
        "gente": 0.005350045394152403,
        "méxico": 0.005217738449573517,
        "público": 0.005085544195026159,
        "empresa": 0.004922119900584221,
        "mil": 0.00482213543727994,
        "año": 0.004788965452462435
    },
    "Tópico 2": {
        "gobierno": 0.00023739297466818243,
        "año": 0.00022873390116728842,
        "gente": 0.00022601248929277062,
        "corrupción": 0.00022505750530399382,
        "méxico": 0.00022293378424365073,
        "caso": 0.00022270313638728112,
        "público": 0.00022207095753401518,
        "país": 0.0002200334274675697,
        "mil": 0.00021833894425071776,
        "querer": 0.00021830103651154786
    },
    "Tópico 3": {
        "gobierno": 0.0002569082716945559,
        "corrupción": 0.0002550618373788893,
        "méxico": 0.00024790846509858966,
        "país": 0.00024207562091760337,
        "pueblo": 0.00023383746156468987,
        "público": 0.0002322801447007805,
        "gente": 0.00023183439043350518,
        "mil": 0.0002312921133125201,
        "año": 0.00022960113710723817,
        "tiempo": 0.00022958574118092656
    },
    "Tópico 4": {
        "gobierno": 0.0004089616413693875,
        "público": 0.0003447279741521925,
        "méxico": 0.00034343136940151453,
        "corrupción": 0.0003422272566240281,
        "gente": 0.0003370413032826036,
        "país": 0.00032530189491808414,
        "querer": 0.00032305766944773495,
        "mil": 0.0003225108957849443,
        "año": 0.0003201254294253886,
        "caso": 0.00031725098961032927
    },
    "Tópico 5": {
        "gobierno": 0.0003143986687064171,
        "país": 0.0002812182065099478,
        "corrupción": 0.0002738233597483486,
        "público": 0.0002677417069207877,
        "caso": 0.0002633394906297326,
        "año": 0.00025556248147040606,
        "gente": 0.0002543535956647247,
        "querer": 0.00025028432719409466,
        "importante": 0.0002467242011334747,
        "empresa": 0.0002463941345922649
    },
    "Tópico 6": {
        "gobierno": 0.0003062624600715935,
        "corrupción": 0.00027338534709997475,
        "público": 0.0002720523625612259,
        "caso": 0.00026711978716775775,
        "gente": 0.0002629340742714703,
        "querer": 0.0002609271614346653,
        "méxico": 0.00025632852339185774,
        "país": 0.00025607424322515726,
        "pueblo": 0.00025352780357934535,
        "tiempo": 0.0002518815454095602
    },
    "Tópico 7": {
        "gobierno": 0.0002805119729600847,
        "corrupción": 0.00027222372591495514,
        "empresa": 0.00025932383141480386,
        "méxico": 0.000258368207141757,
        "gente": 0.0002575572580099106,
        "caso": 0.0002486706362105906,
        "público": 0.0002485595177859068,
        "año": 0.00024709224817343056,
        "cosa": 0.00024331743770744652,
        "país": 0.00024287571432068944
    },
    "Tópico 8": {
        "gobierno": 0.00025023918715305626,
        "méxico": 0.00023780783521942794,
        "corrupción": 0.00023774936562404037,
        "gente": 0.000233032027608715,
        "país": 0.00023159294505603611,
        "querer": 0.00022621496464125812,
        "público": 0.0002260862966068089,
        "caso": 0.00022517670004162937,
        "empresa": 0.0002225521020591259,
        "mil": 0.00022215514036361128
    },
    "Tópico 9": {
        "gobierno": 0.0002974884700961411,
        "corrupción": 0.0002635270939208567,
        "gente": 0.0002592138771433383,
        "mil": 0.0002581959415692836,
        "año": 0.0002492718631401658,
        "país": 0.0002488492173142731,
        "tiempo": 0.00024420168483629823,
        "empresa": 0.00024321384262293577,
        "público": 0.00024209464027080685,
        "atender": 0.00024171439872588962
    }
}