{
    "Tópico 0": {
        " ": 0.00852480810135603,
        "gobierno": 0.00816288497298956,
        "pueblo": 0.0063950191251933575,
        "país": 0.005756058730185032,
        "méxico": 0.005733264610171318,
        "presidente": 0.005286786705255508,
        "caso": 0.004902866203337908,
        "mil": 0.0048384955152869225,
        "decir": 0.004497392103075981,
        "vacuna": 0.004391819704324007
    },
    "Tópico 1": {
        "gobierno": 0.00020177489204797894,
        " ": 0.00019948204862885177,
        "pueblo": 0.00018720926891546696,
        "presidente": 0.0001860910706454888,
        "decir": 0.00018545068451203406,
        "país": 0.0001841383782448247,
        "caso": 0.00018387481395620853,
        "vacuna": 0.00018099650333169848,
        "mil": 0.00018083231407217681,
        "tiempo": 0.0001798036537365988
    },
    "Tópico 2": {
        " ": 0.00030314308241941035,
        "gobierno": 0.0002730218111537397,
        "país": 0.0002680280013009906,
        "pueblo": 0.0002503141004126519,
        "méxico": 0.00022696332598570734,
        "caso": 0.00022509510745294392,
        "mil": 0.00021913475939072669,
        "querer": 0.00021465301688294858,
        "millón": 0.00021429087792057544,
        "decir": 0.00021224026568233967
    },
    "Tópico 3": {
        " ": 0.0004181701224297285,
        "gobierno": 0.000390805013012141,
        "méxico": 0.00037069019163027406,
        "pueblo": 0.0003065647615585476,
        "presidente": 0.0003037793794646859,
        "mil": 0.00029400066705420613,
        "querer": 0.0002883619163185358,
        "decir": 0.0002880233514588326,
        "caso": 0.00027921670698560774,
        "reforma": 0.0002742208307608962
    },
    "Tópico 4": {
        " ": 0.00023322766355704516,
        "país": 0.00023261408205144107,
        "gobierno": 0.0002083038998534903,
        "méxico": 0.0002024038985837251,
        "decir": 0.00020091244368813932,
        "pueblo": 0.00019196767243556678,
        "mil": 0.00019045556837227196,
        "presidente": 0.0001830077380873263,
        "caso": 0.00018262784578837454,
        "gente": 0.00018193530559074134
    },
    "Tópico 5": {
        " ": 0.00018689443822950125,
        "país": 0.00018500526493880898,
        "gobierno": 0.0001837139716371894,
        "vacuna": 0.00017593763186596334,
        "méxico": 0.0001751127274474129,
        "presidente": 0.0001708646450424567,
        "caso": 0.00016910774866119027,
        "pueblo": 0.0001682336296653375,
        "mujer": 0.0001675975217949599,
        "mil": 0.00016752755618654191
    },
    "Tópico 6": {
        " ": 0.0002470042963977903,
        "gobierno": 0.00023294171842280775,
        "pueblo": 0.00020732995471917093,
        "méxico": 0.000203230170882307,
        "caso": 0.0002002138935495168,
        "gente": 0.00019848575175274163,
        "millón": 0.0001971414894796908,
        "vacuna": 0.00019670820620376617,
        "decir": 0.00019619919476099312,
        "presidente": 0.00019603893451858312
    },
    "Tópico 7": {
        "gobierno": 0.00024091365048661828,
        " ": 0.00024003365251701325,
        "pueblo": 0.00022552208974957466,
        "méxico": 0.00022042624186724424,
        "mil": 0.00021493739041034132,
        "país": 0.00021310739975888282,
        "empresa": 0.0002048977476079017,
        "presidente": 0.000202379233087413,
        "hablar": 0.0001992830220842734,
        "vacuna": 0.00019746051111724228
    },
    "Tópico 8": {
        "pueblo": 0.00021719324286095798,
        " ": 0.00021586139337159693,
        "gobierno": 0.000203960677026771,
        "méxico": 0.00019733174121938646,
        "gente": 0.00018690279102884233,
        "presidente": 0.00018467698828317225,
        "mujer": 0.00018395669758319855,
        "país": 0.00018313361215405166,
        "vacuna": 0.00018266684492118657,
        "hablar": 0.00018104034825228155
    },
    "Tópico 9": {
        "gobierno": 0.00035365353687666357,
        " ": 0.00031164195388555527,
        "mujer": 0.0002767794067040086,
        "pueblo": 0.0002659725141711533,
        "caso": 0.000264001457253471,
        "presidente": 0.00025587453274056315,
        "decir": 0.0002530618803575635,
        "mil": 0.0002508873585611582,
        "hablar": 0.0002464501012582332,
        "millón": 0.00024566848878748715
    }
}