{
    "Tópico 0": {
        "gente": 0.00022352485393639654,
        "pueblo": 0.0002178217109758407,
        "gobierno": 0.00021510878286790103,
        "ayudar": 0.00021323903638403863,
        "decir": 0.00021068708156235516,
        "hablar": 0.0002101038844557479,
        "mil": 0.0002100455603795126,
        "informar": 0.00020871144079137594,
        "salud": 0.0002085655287373811,
        "mañana": 0.00020777057216037065
    },
    "Tópico 1": {
        "mil": 0.007272975519299507,
        "gente": 0.006291003432124853,
        "pueblo": 0.006290849298238754,
        "decir": 0.006176385097205639,
        "gobierno": 0.006146655417978764,
        "caso": 0.005801120772957802,
        "méxico": 0.005599291995167732,
        "ayudar": 0.00539737194776535,
        "millón": 0.005137922707945108,
        "hablar": 0.0049636587500572205
    },
    "Tópico 2": {
        "mil": 0.0003446897608228028,
        "pueblo": 0.00031124131055548787,
        "caso": 0.00030179473105818033,
        "gobierno": 0.00028925915830768645,
        "ayudar": 0.0002862606488633901,
        "tener": 0.0002850683231372386,
        "méxico": 0.00028188712894916534,
        "hablar": 0.0002802110102493316,
        "tiempo": 0.0002706469676923007,
        "gente": 0.0002705818915273994
    },
    "Tópico 3": {
        "mil": 0.00027549752849154174,
        "gente": 0.0002700258046388626,
        "pueblo": 0.0002637366997078061,
        "caso": 0.0002491034392733127,
        "ayudar": 0.000247878284426406,
        "méxico": 0.00024783756816759706,
        "gobierno": 0.00024679183843545616,
        "querer": 0.0002444665879011154,
        "millón": 0.00024359484086744487,
        "decir": 0.00024336054048035294
    },
    "Tópico 4": {
        "gobierno": 0.0002638545702211559,
        "hablar": 0.00026153953513130546,
        "pueblo": 0.0002580904110800475,
        "mil": 0.00025623716646805406,
        "caso": 0.00025428846129216254,
        "decir": 0.0002539247216191143,
        "méxico": 0.0002496563538443297,
        "gente": 0.00024530605878680944,
        "querer": 0.00024170927645172924,
        "tener": 0.00024148078227881342
    },
    "Tópico 5": {
        "gobierno": 0.00022554620227310807,
        "decir": 0.00022219076345209032,
        "ayudar": 0.0002189841470681131,
        "informar": 0.00021801805996801704,
        "mil": 0.00021735441987402737,
        "pueblo": 0.00021649354312103242,
        "caso": 0.00021559432207141072,
        "hablar": 0.00021457960247062147,
        "salud": 0.00021376808581408113,
        "gente": 0.000213673833059147
    },
    "Tópico 6": {
        "gente": 0.0002751905703917146,
        "decir": 0.00026269812951795757,
        "méxico": 0.0002601263695396483,
        "gobierno": 0.0002590239455457777,
        "caso": 0.0002493994834367186,
        "querer": 0.000248808617470786,
        "pueblo": 0.00024582725018262863,
        "millón": 0.00024534930707886815,
        "informar": 0.00024209865659940988,
        "ayudar": 0.0002396789495833218
    },
    "Tópico 7": {
        "mil": 0.00026020355289801955,
        "gente": 0.0002583879104349762,
        "decir": 0.0002425674902042374,
        "pueblo": 0.00024162583576980978,
        "hablar": 0.00023993889044504613,
        "caso": 0.00023759860778227448,
        "millón": 0.00023328531824517995,
        "gobierno": 0.00023233063984662294,
        "ayudar": 0.0002306122041773051,
        "méxico": 0.00022802851162850857
    },
    "Tópico 8": {
        "gobierno": 0.0003162111097481102,
        "gente": 0.0003080659662373364,
        "pueblo": 0.00030406072619371116,
        "decir": 0.00029873455059714615,
        "querer": 0.000296796701150015,
        "hablar": 0.0002962891885545105,
        "mil": 0.0002952821087092161,
        "tiempo": 0.0002832820173352957,
        "ayudar": 0.00028054392896592617,
        "salud": 0.0002796387125272304
    },
    "Tópico 9": {
        "pueblo": 0.0002477778180036694,
        "gobierno": 0.00024148871307261288,
        "méxico": 0.00023779220646247268,
        "caso": 0.00023654464166611433,
        "gente": 0.00023249855439644307,
        "decir": 0.00023244909243658185,
        "millón": 0.00022908994287718087,
        "mil": 0.0002266718802275136,
        "ayudar": 0.00022361402807291597,
        "querer": 0.00022208824520930648
    }
}