{
    "Tópico 0": {
        "méxico": 0.007919522002339363,
        "pueblo": 0.005872406531125307,
        "gobierno": 0.005828188266605139,
        "país": 0.00522052776068449,
        "decir": 0.004567230120301247,
        "caso": 0.004523199982941151,
        "mil": 0.004522743169218302,
        "tiempo": 0.004478135611861944,
        "hablar": 0.004410536028444767,
        "gente": 0.004343146923929453
    },
    "Tópico 1": {
        "méxico": 0.0003121428599115461,
        "pueblo": 0.0002658206212799996,
        "gobierno": 0.00025282788556069136,
        "mil": 0.00025039573665708303,
        "informar": 0.00024868090986274183,
        "país": 0.00024209490220528096,
        "decir": 0.00024168445088434964,
        "aeropuerto": 0.0002416153729427606,
        "ver": 0.0002333762386115268,
        "gente": 0.0002325807581655681
    },
    "Tópico 2": {
        "méxico": 0.0003185741079505533,
        "pueblo": 0.00030702122603543103,
        "decir": 0.0002719995682127774,
        "aeropuerto": 0.0002697977179195732,
        "unidos": 0.00026502535911276937,
        "mil": 0.0002643878979142755,
        "país": 0.0002643277694005519,
        "caso": 0.0002583929745014757,
        "presidente": 0.0002491034974809736,
        "gobierno": 0.00024854077491909266
    },
    "Tópico 3": {
        "méxico": 0.00028195028426125646,
        "gobierno": 0.0002542478032410145,
        "mil": 0.0002366794942645356,
        "empresa": 0.00023663940373808146,
        "tiempo": 0.0002343135274713859,
        "hablar": 0.00023324007634073496,
        "caso": 0.00023198536655399948,
        "país": 0.00023165314632933587,
        "decir": 0.0002315609744982794,
        "querer": 0.00023085226712282747
    },
    "Tópico 4": {
        "méxico": 0.00024397978268098086,
        "gobierno": 0.00024388235760852695,
        "decir": 0.0002289166732225567,
        "pueblo": 0.0002285395166836679,
        "mil": 0.00022610944870393723,
        "empresa": 0.00022539691417478025,
        "caso": 0.00022503644868265837,
        "país": 0.00022375017579179257,
        "gente": 0.00021825115254614502,
        "año": 0.0002106298052240163
    },
    "Tópico 5": {
        "gobierno": 0.00022816183627583086,
        "pueblo": 0.00022431454272009432,
        "méxico": 0.0002227982913609594,
        "gente": 0.00021416573144961149,
        "decir": 0.00020966678857803345,
        "tiempo": 0.00020750206022057682,
        "país": 0.0002033879136433825,
        "unidos": 0.00020124149159528315,
        "seguir": 0.0002011196338571608,
        "mil": 0.0001986226998269558
    },
    "Tópico 6": {
        "méxico": 0.00024758829385973513,
        "pueblo": 0.00023458286887034774,
        "hablar": 0.00022761800209991634,
        "país": 0.00021208307589404285,
        "gobierno": 0.00021024701709393412,
        "tiempo": 0.00020985439186915755,
        "mil": 0.00020932982442900538,
        "decir": 0.00020763864449691027,
        "informar": 0.00020762946223840117,
        "caso": 0.00020382979710120708
    },
    "Tópico 7": {
        "méxico": 0.00025449972599744797,
        "hablar": 0.00022028434614185244,
        "tiempo": 0.0002130710199708119,
        "decir": 0.0002129931963281706,
        "país": 0.00021076339180581272,
        "pueblo": 0.0002105735766235739,
        "gente": 0.0002073697978630662,
        "aeropuerto": 0.00020417415362317115,
        "caso": 0.0002030023606494069,
        "ver": 0.0002025711291935295
    },
    "Tópico 8": {
        "méxico": 0.0002387296553933993,
        "pueblo": 0.0002157503622584045,
        "gobierno": 0.0002114548988174647,
        "país": 0.00021031640062574297,
        "querer": 0.00020288268569856882,
        "caso": 0.00019799149595201015,
        "tener": 0.00019407914078328758,
        "decir": 0.00019378964498173445,
        "llegar": 0.00019320267892908305,
        "ayudar": 0.00019295312813483179
    },
    "Tópico 9": {
        "méxico": 0.0002380922087468207,
        "gobierno": 0.00021453649969771504,
        "pueblo": 0.00021309894509613514,
        "país": 0.00021226056560408324,
        "tiempo": 0.00019819301087409258,
        "decir": 0.0001979122607735917,
        "aeropuerto": 0.00019704656733665615,
        "gente": 0.00019621540559455752,
        "unidos": 0.00019282910216134042,
        "hablar": 0.0001924618409248069
    }
}