{
    "Tópico 0": {
        "gobierno": 0.00029890958103351295,
        "corrupción": 0.0002458785311318934,
        "caso": 0.0002451000327710062,
        "mil": 0.00024300834047608078,
        "tiempo": 0.00024026875325944275,
        "reforma": 0.0002389552246313542,
        "país": 0.00023880714434199035,
        "público": 0.00023812676954548806,
        "año": 0.00023729196982458234,
        "querer": 0.00023123924620449543
    },
    "Tópico 1": {
        "gobierno": 0.0002473523491062224,
        "corrupción": 0.00024496845435351133,
        "caso": 0.00023582718858961016,
        "público": 0.00023546951706521213,
        "mil": 0.00023504547425545752,
        "gente": 0.00023471121676266193,
        "empresa": 0.00023331759439315647,
        "país": 0.0002332522999495268,
        "querer": 0.00023200188297778368,
        "méxico": 0.00022946020180825144
    },
    "Tópico 2": {
        "corrupción": 0.00025471943081356585,
        "gobierno": 0.00025050199474208057,
        "caso": 0.0002478787791915238,
        "gente": 0.00024468827177770436,
        "público": 0.00023845929536037147,
        "empresa": 0.0002382870443398133,
        "méxico": 0.00023688965302426368,
        "mil": 0.0002299764018971473,
        "tiempo": 0.00022974303283262998,
        "país": 0.00022794338292442262
    },
    "Tópico 3": {
        "gobierno": 0.0003045342455152422,
        "empresa": 0.0002604530891403556,
        "año": 0.0002523033763282001,
        "méxico": 0.0002487230522092432,
        "querer": 0.00024840558762662113,
        "mil": 0.00024728893185965717,
        "corrupción": 0.00024694803869351745,
        "público": 0.000246946670813486,
        "gente": 0.00024652297724969685,
        "caso": 0.00024302925157826394
    },
    "Tópico 4": {
        "gobierno": 0.00024772496544755995,
        "corrupción": 0.0002417102368781343,
        "gente": 0.0002351635048398748,
        "año": 0.0002349560527363792,
        "caso": 0.0002340462669963017,
        "decir": 0.0002315309102414176,
        "país": 0.0002314508892595768,
        "méxico": 0.000230858800932765,
        "querer": 0.00022939196787774563,
        "importante": 0.00022609975712839514
    },
    "Tópico 5": {
        "corrupción": 0.000443717377493158,
        "gobierno": 0.00040519202593714,
        "país": 0.00039791027666069567,
        "méxico": 0.00037090620025992393,
        "caso": 0.00035626188036985695,
        "público": 0.00035369585384614766,
        "mil": 0.00035169217153452337,
        "decir": 0.0003442107990849763,
        "año": 0.00033216355950571597,
        "empresa": 0.00032156737870536745
    },
    "Tópico 6": {
        "gobierno": 0.0008540036506019533,
        "país": 0.000728751125279814,
        "corrupción": 0.0007146185962483287,
        "empresa": 0.000603915483225137,
        "méxico": 0.0005820353399030864,
        "caso": 0.000577217317186296,
        "gente": 0.0005478310631588101,
        "tiempo": 0.0005476260557770729,
        "año": 0.0005297521129250526,
        "querer": 0.0005174600519239902
    },
    "Tópico 7": {
        "gobierno": 0.00027649308321997523,
        "caso": 0.0002675283176358789,
        "corrupción": 0.000259487860603258,
        "tiempo": 0.00025270270998589694,
        "empresa": 0.00024974552798084915,
        "méxico": 0.00024920672876760364,
        "país": 0.00024866466992534697,
        "querer": 0.00024618403404019773,
        "información": 0.0002421377575956285,
        "año": 0.00024087536439765245
    },
    "Tópico 8": {
        "público": 0.00038667168701067567,
        "corrupción": 0.0003843713493552059,
        "mil": 0.0003772536583710462,
        "gente": 0.00037064135540276766,
        "gobierno": 0.00036934466334059834,
        "méxico": 0.00034877288271673024,
        "año": 0.0003430713259149343,
        "empresa": 0.0003340190160088241,
        "caso": 0.0003205639077350497,
        "tener": 0.0003185462555848062
    },
    "Tópico 9": {
        "gobierno": 0.00878382008522749,
        "corrupción": 0.006535967346280813,
        "caso": 0.005548096261918545,
        "país": 0.0055127572268247604,
        "gente": 0.005350644700229168,
        "méxico": 0.005216928198933601,
        "público": 0.005087434779852629,
        "empresa": 0.004919629078358412,
        "mil": 0.004820943344384432,
        "año": 0.00478846812620759
    }
}