{
    "Tópico 0": {
        " ": 0.0002700729528442025,
        "pueblo": 0.00023250747472047806,
        "gobierno": 0.00022448219533544034,
        "méxico": 0.00019915839948225766,
        "decir": 0.0001919731730595231,
        "tiempo": 0.00019169403822161257,
        "mil": 0.00018952696700580418,
        "presidente": 0.00018279660434927791,
        "país": 0.00018213180010206997,
        "querer": 0.0001784713240340352
    },
    "Tópico 1": {
        " ": 0.0002773007145151496,
        "pueblo": 0.00022138004715088755,
        "méxico": 0.00020097909145988524,
        "querer": 0.0001879682531580329,
        "gobierno": 0.00018402426212560385,
        "hablar": 0.00017480860697105527,
        "país": 0.00017378045595251024,
        "unidos": 0.00016930421406868845,
        "gente": 0.00016894630971364677,
        "millón": 0.00016542436787858605
    },
    "Tópico 2": {
        " ": 0.00022488438116852194,
        "méxico": 0.00022292826906777918,
        "pueblo": 0.00019798196444753557,
        "gobierno": 0.0001957130152732134,
        "decir": 0.00018864506273530424,
        "querer": 0.00018795602954924107,
        "mil": 0.00017991804634220898,
        "presidente": 0.00017798884073272347,
        "país": 0.0001723911555018276,
        "tiempo": 0.000171510866493918
    },
    "Tópico 3": {
        " ": 0.0006340304389595985,
        "pueblo": 0.00036466153687797487,
        "gobierno": 0.00034770823549479246,
        "méxico": 0.0003321043332107365,
        "mil": 0.00032487735734321177,
        "decir": 0.00029385904781520367,
        "gente": 0.00028960913186892867,
        "país": 0.00025767637998797,
        "millón": 0.00025694991927593946,
        "año": 0.00025061998167075217
    },
    "Tópico 4": {
        "gobierno": 0.001842440222389996,
        " ": 0.0018046472687274218,
        "pueblo": 0.001614543260075152,
        "méxico": 0.0015960960881784558,
        "presidente": 0.0012298282235860825,
        "decir": 0.0012136825826019049,
        "hablar": 0.0011866334825754166,
        "unidos": 0.001080274349078536,
        "tiempo": 0.001043448457494378,
        "querer": 0.0009488124051131308
    },
    "Tópico 5": {
        " ": 0.00028353394009172916,
        "méxico": 0.00021458169794641435,
        "gobierno": 0.00020690202654805034,
        "mil": 0.00019906769739463925,
        "presidente": 0.0001902150979731232,
        "pueblo": 0.0001872807479230687,
        "gente": 0.00018660302157513797,
        "unidos": 0.00017496947839390486,
        "querer": 0.00017430724983569235,
        "país": 0.00017155613750219345
    },
    "Tópico 6": {
        " ": 0.00022427219664677978,
        "méxico": 0.00018269378051627427,
        "gobierno": 0.00016873427375685424,
        "pueblo": 0.00016864249482750893,
        "gente": 0.00016391981625929475,
        "decir": 0.0001630645274417475,
        "unidos": 0.00016244096332229674,
        "querer": 0.00015896988043095917,
        "mil": 0.00015678581257816404,
        "país": 0.0001549802691442892
    },
    "Tópico 7": {
        " ": 0.01276890467852354,
        "méxico": 0.0081056859344244,
        "pueblo": 0.0075418236665427685,
        "gobierno": 0.006460902746766806,
        "mil": 0.005915846209973097,
        "presidente": 0.005214856006205082,
        "unidos": 0.005151147022843361,
        "gente": 0.005104862153530121,
        "decir": 0.005098096095025539,
        "querer": 0.004854480270296335
    },
    "Tópico 8": {
        " ": 0.00030602305196225643,
        "méxico": 0.00021252692386042327,
        "unidos": 0.00020388416305650026,
        "mil": 0.0001962534588528797,
        "millón": 0.0001932287123054266,
        "gente": 0.0001868792751338333,
        "pueblo": 0.0001839411270339042,
        "gobierno": 0.0001801309990696609,
        "presidente": 0.00017980164557229728,
        "hablar": 0.00017820783250499517
    },
    "Tópico 9": {
        " ": 0.00022503135551232845,
        "méxico": 0.0002052708005066961,
        "pueblo": 0.00019068455731030554,
        "gente": 0.00017556242528371513,
        "unidos": 0.00017538167594466358,
        "hablar": 0.00017467993893660605,
        "gobierno": 0.00016935031453613192,
        "presidente": 0.0001659205590840429,
        "mil": 0.00016211296315304935,
        "país": 0.00015691482985857874
    }
}