{
    "Tópico 0": {
        "mil": 0.00027565291384235024,
        "méxico": 0.00027011186466552317,
        "país": 0.0002438857773086056,
        "millón": 0.00023620115825906396,
        "gobierno": 0.0002318009501323104,
        "caso": 0.00023029079602565616,
        "pueblo": 0.00022663739218842238,
        "gente": 0.00022187989088706672,
        "decir": 0.00021747911523561925,
        "tiempo": 0.00021578614541795105
    },
    "Tópico 1": {
        "méxico": 0.00022908751270733774,
        "pueblo": 0.00022809805523138493,
        "mil": 0.00022696050291415304,
        "decir": 0.00021237116015981883,
        "caso": 0.00021182892669457942,
        "gente": 0.0002084816514980048,
        "gobierno": 0.00020813167793676257,
        "tiempo": 0.00020166025205980986,
        "tener": 0.0002012523473240435,
        "crédito": 0.00020073137420695275
    },
    "Tópico 2": {
        "caso": 0.0002697356976568699,
        "mil": 0.0002611771342344582,
        "méxico": 0.0002474049397278577,
        "pueblo": 0.00023854813480284065,
        "hablar": 0.00023758818861097097,
        "gobierno": 0.00023703178158029914,
        "gente": 0.00023099851387087256,
        "tiempo": 0.0002309211704414338,
        "empresa": 0.00023013146710582078,
        "querer": 0.00022748061746824533
    },
    "Tópico 3": {
        "mil": 0.009012372232973576,
        "méxico": 0.008054695092141628,
        "gobierno": 0.006505954544991255,
        "pueblo": 0.006409667432308197,
        "caso": 0.006163936108350754,
        "gente": 0.005476152990013361,
        "país": 0.005255816504359245,
        "millón": 0.004789094440639019,
        "decir": 0.00468990346416831,
        "tiempo": 0.00466653797775507
    },
    "Tópico 4": {
        "méxico": 0.0002480921393726021,
        "mil": 0.00023331132251769304,
        "gobierno": 0.00022847889340482652,
        "millón": 0.00022512665600515902,
        "caso": 0.00022267950407695025,
        "pueblo": 0.00021826107695233077,
        "decir": 0.00021787926380056888,
        "país": 0.00021327281137928367,
        "gente": 0.00021288915013428777,
        "pandemia": 0.00021209086116869003
    },
    "Tópico 5": {
        "mil": 0.00038357594166882336,
        "méxico": 0.0003285103302914649,
        "gobierno": 0.00031425117049366236,
        "caso": 0.0003043652104679495,
        "país": 0.0002783393138088286,
        "decir": 0.00027431698981672525,
        "gente": 0.0002734049048740417,
        "pueblo": 0.00027054286329075694,
        "social": 0.00026364982477389276,
        "hablar": 0.0002625087508931756
    },
    "Tópico 6": {
        "pueblo": 0.0002411067980574444,
        "gobierno": 0.0002343729283893481,
        "méxico": 0.00023337520542554557,
        "mil": 0.0002269844844704494,
        "caso": 0.00022286853345576674,
        "gente": 0.0002139189891749993,
        "país": 0.00021309516159817576,
        "tiempo": 0.00020920542010571808,
        "tener": 0.00020833147573284805,
        "seguir": 0.00020734287681989372
    },
    "Tópico 7": {
        "méxico": 0.00029361582710407674,
        "mil": 0.00026118397363461554,
        "pueblo": 0.00025480412296019495,
        "caso": 0.00024367171863559633,
        "tiempo": 0.00024033091904129833,
        "decir": 0.00023148383479565382,
        "hablar": 0.00023125734878703952,
        "gobierno": 0.00023098743986338377,
        "crédito": 0.00022876745788380504,
        "pandemia": 0.00022678323148284107
    },
    "Tópico 8": {
        "mil": 0.0006596458260901272,
        "gobierno": 0.000637990771792829,
        "méxico": 0.0005682429182343185,
        "gente": 0.0005393224419094622,
        "pueblo": 0.0005189244984649122,
        "decir": 0.0004867006791755557,
        "caso": 0.0004820878093596548,
        "hablar": 0.0004713620583061129,
        "empresa": 0.0004559709632303566,
        "país": 0.00044999891542829573
    },
    "Tópico 9": {
        "mil": 0.0002468729217071086,
        "gobierno": 0.00024044085876084864,
        "méxico": 0.00023581845744047314,
        "pueblo": 0.00022921581694390625,
        "país": 0.00022579036885872483,
        "caso": 0.0002193984983023256,
        "gente": 0.00021787447622045875,
        "millón": 0.0002092348295263946,
        "crédito": 0.00020626501645892859,
        "tiempo": 0.00020423998648766428
    }
}