{
    "Tópico 0": {
        "gobierno": 0.0009588577668182552,
        " ": 0.0008356065372936428,
        "méxico": 0.0007076006149873137,
        "pueblo": 0.0005292387795634568,
        "país": 0.00048434577183797956,
        "empresa": 0.00048384367255494,
        "año": 0.0004588423471432179,
        "caso": 0.00044265235192142427,
        "público": 0.0004363820771686733,
        "millón": 0.0004353602707851678
    },
    "Tópico 1": {
        "méxico": 0.00024247544934041798,
        " ": 0.00024201410997193307,
        "gobierno": 0.0002273660502396524,
        "caso": 0.00022275336959864944,
        "pueblo": 0.0002163019817089662,
        "país": 0.00021019768610130996,
        "año": 0.0002082197170238942,
        "querer": 0.00020762885105796158,
        "millón": 0.0002073605719488114,
        "unidos": 0.0002067527238978073
    },
    "Tópico 2": {
        " ": 0.0003496085701044649,
        "gobierno": 0.000327952642692253,
        "pueblo": 0.00027854429208673537,
        "méxico": 0.0002670823596417904,
        "mil": 0.00025375070981681347,
        "país": 0.00025047649978660047,
        "empresa": 0.00024238816695287824,
        "caso": 0.00023843768576625735,
        "millón": 0.00023627403425052762,
        "unidos": 0.0002334267774131149
    },
    "Tópico 3": {
        "méxico": 0.0002750080020632595,
        " ": 0.0002674582938198,
        "país": 0.00024338634102605283,
        "pueblo": 0.00024320700322277844,
        "caso": 0.00024020829005166888,
        "gobierno": 0.00023318754392676055,
        "mil": 0.00022850604727864265,
        "millón": 0.00021995307179167867,
        "llegar": 0.00021724638645537198,
        "año": 0.00021282491798046976
    },
    "Tópico 4": {
        " ": 0.00025511413696222007,
        "méxico": 0.0002549242926761508,
        "gobierno": 0.00024376054352615029,
        "pueblo": 0.0002327708643861115,
        "país": 0.00022615281341131777,
        "mil": 0.0002220381429651752,
        "millón": 0.00021257133630570024,
        "caso": 0.00021224012016318738,
        "unidos": 0.00021206501696724445,
        "vacuna": 0.00020531888003461063
    },
    "Tópico 5": {
        "gobierno": 0.00041163864079862833,
        " ": 0.0003951032995246351,
        "méxico": 0.0003701622481457889,
        "pueblo": 0.00033792981412261724,
        "caso": 0.00031386277987621725,
        "país": 0.0003036108100786805,
        "millón": 0.0002968488843180239,
        "mil": 0.0002846129355020821,
        "público": 0.00028011813992634416,
        "llegar": 0.0002718357718549669
    },
    "Tópico 6": {
        " ": 0.010428848676383495,
        "gobierno": 0.008849217556416988,
        "méxico": 0.00856755767017603,
        "pueblo": 0.006677239201962948,
        "país": 0.00630566431209445,
        "caso": 0.005675437394529581,
        "mil": 0.004787029232829809,
        "millón": 0.004470789805054665,
        "unidos": 0.004156292881816626,
        "año": 0.004156271927058697
    },
    "Tópico 7": {
        " ": 0.00033830810571089387,
        "méxico": 0.00031979745835997164,
        "país": 0.00029638063278980553,
        "gobierno": 0.00029404740780591965,
        "pueblo": 0.00027222486096434295,
        "caso": 0.00026941279065795243,
        "público": 0.00026037130737677217,
        "millón": 0.0002586648042779416,
        "unidos": 0.00024871883215382695,
        "mil": 0.00024479744024574757
    },
    "Tópico 8": {
        " ": 0.00027851134655065835,
        "país": 0.00024609456886537373,
        "gobierno": 0.00024533524992875755,
        "pueblo": 0.00023369982955045998,
        "méxico": 0.00023077972582541406,
        "caso": 0.000227840369916521,
        "decir": 0.00020838183991145343,
        "año": 0.00020598777336999774,
        "tiempo": 0.000204699274036102,
        "tener": 0.0002043466956820339
    },
    "Tópico 9": {
        " ": 0.0003303077828604728,
        "gobierno": 0.00033016077941283584,
        "pueblo": 0.0002853278419934213,
        "méxico": 0.00028242639382369816,
        "país": 0.0002605544577818364,
        "mil": 0.0002564833266660571,
        "caso": 0.0002529909834265709,
        "público": 0.0002470072649884969,
        "millón": 0.00024328278959728777,
        "tener": 0.0002390890003880486
    }
}