{
    "Tópico 0": {
        " ": 0.0006634193123318255,
        "pueblo": 0.0002363985258853063,
        "mil": 0.0002073236828437075,
        "méxico": 0.00020207659690640867,
        "gobierno": 0.00019617867656052113,
        "gente": 0.00018315925262868404,
        "año": 0.00018286916019860655,
        "tiempo": 0.0001808967354008928,
        "país": 0.00018085027113556862,
        "presidente": 0.00017928694433066994
    },
    "Tópico 1": {
        " ": 0.00031606334960088134,
        "mil": 0.00016974550089798868,
        "méxico": 0.00016519810014870018,
        "pueblo": 0.0001639863767195493,
        "gobierno": 0.00015962598263286054,
        "hablar": 0.0001555228081997484,
        "caso": 0.0001512477028882131,
        "año": 0.00014935075887478888,
        "país": 0.00014836165064480156,
        "decir": 0.00014739016478415579
    },
    "Tópico 2": {
        " ": 0.03699495643377304,
        "méxico": 0.00784896221011877,
        "pueblo": 0.007415503263473511,
        "mil": 0.006742888130247593,
        "gobierno": 0.004996099974960089,
        "decir": 0.0048755151219666,
        "hablar": 0.004650935065001249,
        "presidente": 0.004495325963944197,
        "país": 0.004443458281457424,
        "año": 0.004374257288873196
    },
    "Tópico 3": {
        " ": 0.0003044185577891767,
        "pueblo": 0.00017600131104700267,
        "decir": 0.00016522932855878025,
        "presidente": 0.00016439540195278823,
        "méxico": 0.000157683010911569,
        "mil": 0.0001527828280813992,
        "corrupción": 0.00015208242984954268,
        "país": 0.00015120444004423916,
        "ver": 0.00015010422794148326,
        "público": 0.0001476144534535706
    },
    "Tópico 4": {
        " ": 0.0006240604561753571,
        "méxico": 0.0002599636500235647,
        "pueblo": 0.00024308025604113936,
        "mil": 0.00022797171550337225,
        "país": 0.00020415136532392353,
        "hablar": 0.00020273470727261156,
        "gobierno": 0.00019377993885427713,
        "cosa": 0.0001920912036439404,
        "ver": 0.00019019901810679585,
        "tiempo": 0.00018689787248149514
    },
    "Tópico 5": {
        " ": 0.0013285522582009435,
        "méxico": 0.0004423175996635109,
        "pueblo": 0.000418602314312011,
        "mil": 0.00034875498386099935,
        "decir": 0.0003199130587745458,
        "gobierno": 0.0003080636670347303,
        "caso": 0.000305688678054139,
        "año": 0.00029431883012875915,
        "gente": 0.0002885208814404905,
        "millón": 0.00028811919037252665
    },
    "Tópico 6": {
        " ": 0.0004407787346281111,
        "mil": 0.0001933259190991521,
        "méxico": 0.0001921565126394853,
        "pueblo": 0.0001867712417151779,
        "gobierno": 0.00017900358943734318,
        "corrupción": 0.0001699438289506361,
        "tiempo": 0.00016913108993321657,
        "decir": 0.0001689780328888446,
        "presidente": 0.00016876704466994852,
        "caso": 0.00016848911764100194
    },
    "Tópico 7": {
        " ": 0.00027570832753553987,
        "pueblo": 0.0001784443884389475,
        "méxico": 0.00016382013563998044,
        "gobierno": 0.00016336553380824625,
        "decir": 0.0001625536970095709,
        "mil": 0.00015746572171337903,
        "presidente": 0.00015222733782138675,
        "hablar": 0.00015015923418104649,
        "país": 0.00015007822366897017,
        "querer": 0.0001470633433200419
    },
    "Tópico 8": {
        " ": 0.0006294162594713271,
        "pueblo": 0.0002007620205404237,
        "mil": 0.00019808282377198339,
        "hablar": 0.00019031873671337962,
        "presidente": 0.00018835075024981052,
        "decir": 0.00018431739590596408,
        "millón": 0.00018378463573753834,
        "méxico": 0.00018369531608186662,
        "gobierno": 0.00018333291518501937,
        "país": 0.0001760057348292321
    },
    "Tópico 9": {
        " ": 0.00035404611844569445,
        "pueblo": 0.0001910285500343889,
        "méxico": 0.00018325189012102783,
        "hablar": 0.00017028546426445246,
        "gobierno": 0.00016806836356408894,
        "presidente": 0.0001659345580264926,
        "año": 0.00016382877947762609,
        "mil": 0.00016198618686757982,
        "país": 0.00016005098586902022,
        "querer": 0.00015943027392495424
    }
}