{
    "Tópico 0": {
        "pueblo": 0.0002472670457791537,
        "méxico": 0.00024073813983704895,
        "gobierno": 0.00022560759680345654,
        "país": 0.00022289458138402551,
        "gente": 0.0002228256344096735,
        "hablar": 0.0002225319913122803,
        "mil": 0.00022014537535142154,
        "tiempo": 0.00021728058345615864,
        "querer": 0.00021245816606096923,
        "caso": 0.00021202237985562533
    },
    "Tópico 1": {
        "pueblo": 0.0004843017377424985,
        "gobierno": 0.0004283029993530363,
        "méxico": 0.0004265996685717255,
        "caso": 0.0003887392522301525,
        "decir": 0.0003819634148385376,
        "mil": 0.00036692427238449454,
        "hablar": 0.00035118835512548685,
        "ayudar": 0.0003471715608611703,
        "unidos": 0.00033956870902329683,
        "tiempo": 0.00033907932811416686
    },
    "Tópico 2": {
        "gente": 0.0002580714353825897,
        "méxico": 0.00025076608289964497,
        "caso": 0.00023866730043664575,
        "hablar": 0.00023865379625931382,
        "mil": 0.0002280194457853213,
        "pueblo": 0.00022731565695721656,
        "país": 0.00022574812464881688,
        "llegar": 0.00022558768978342414,
        "ayudar": 0.00022177657228894532,
        "decir": 0.00021749138250015676
    },
    "Tópico 3": {
        "pueblo": 0.007472946774214506,
        "méxico": 0.00652192160487175,
        "gente": 0.005809296388179064,
        "gobierno": 0.0057554286904633045,
        "hablar": 0.005676047410815954,
        "caso": 0.0054924990981817245,
        "país": 0.005281975958496332,
        "mil": 0.0052284193225204945,
        "tiempo": 0.00512306485325098,
        "decir": 0.004724661819636822
    },
    "Tópico 4": {
        "pueblo": 0.00023521755065303296,
        "gente": 0.00022868912492413074,
        "méxico": 0.00022517185425385833,
        "tiempo": 0.00021183289936743677,
        "ayudar": 0.0002058060053968802,
        "querer": 0.00020396310719661415,
        "país": 0.0002031404001172632,
        "gobierno": 0.00020272599067538977,
        "presidente": 0.00020237243734300137,
        "hablar": 0.0002010253956541419
    },
    "Tópico 5": {
        "gobierno": 0.0002468471066094935,
        "pueblo": 0.00024120116722770035,
        "méxico": 0.0002316099125891924,
        "presidente": 0.00022238146630115807,
        "mil": 0.0002216633438365534,
        "hablar": 0.00021993389236740768,
        "decir": 0.00021904172899667174,
        "llegar": 0.00021707838459406048,
        "año": 0.00021615404693875462,
        "gente": 0.00021481214207597077
    },
    "Tópico 6": {
        "hablar": 0.000531322555616498,
        "gobierno": 0.0004907101392745972,
        "gente": 0.0004848612879868597,
        "pueblo": 0.0004721394507214427,
        "decir": 0.00046811439096927643,
        "méxico": 0.00046434032265096903,
        "mil": 0.00046353976358659565,
        "presidente": 0.0004605565045494586,
        "tiempo": 0.00045596453128382564,
        "país": 0.0004458736802916974
    },
    "Tópico 7": {
        "país": 0.00020937423687428236,
        "pueblo": 0.00020671874517574906,
        "gente": 0.00020397140178829432,
        "tiempo": 0.0002032960474025458,
        "querer": 0.00020271229732315987,
        "presidente": 0.0001970248413272202,
        "hablar": 0.00019606850401032716,
        "méxico": 0.00019521074136719108,
        "decir": 0.00019436993170529604,
        "gobierno": 0.00019384924962650985
    },
    "Tópico 8": {
        "pueblo": 0.00020301967742852867,
        "gente": 0.0002029329480137676,
        "méxico": 0.00020240937010385096,
        "caso": 0.0001992369070649147,
        "hablar": 0.00019830702512990683,
        "presidente": 0.00019795149273704737,
        "gobierno": 0.0001947921991813928,
        "año": 0.0001940827933140099,
        "mil": 0.00019355496624484658,
        "país": 0.0001931156439241022
    },
    "Tópico 9": {
        "pueblo": 0.0003759749815799296,
        "gente": 0.0003456549602560699,
        "hablar": 0.00034313692594878376,
        "méxico": 0.0003400911809876561,
        "decir": 0.0003288220032118261,
        "caso": 0.0003161697241012007,
        "gobierno": 0.00031374700483866036,
        "país": 0.0003086129727307707,
        "presidente": 0.00029788719257339835,
        "tener": 0.0002887070004362613
    }
}