{
    "Tópico 0": {
        "gobierno": 0.009137619286775589,
        "mil": 0.00767945684492588,
        "país": 0.006732925307005644,
        "decir": 0.006041257176548243,
        "corrupción": 0.005888660438358784,
        "méxico": 0.0058633130975067616,
        "año": 0.005707740318030119,
        "público": 0.004787256475538015,
        "pueblo": 0.004762125667184591,
        "millón": 0.00471058813855052
    },
    "Tópico 1": {
        "gobierno": 0.0002703338395804167,
        "mil": 0.00024302648671437055,
        "méxico": 0.00023928294831421226,
        "millón": 0.00023685410269536078,
        "año": 0.0002320802741451189,
        "decir": 0.00023146452440414578,
        "país": 0.000229792800382711,
        "pueblo": 0.00022668081510346383,
        "corrupción": 0.00022388281649909914,
        "ver": 0.00021757894137408584
    },
    "Tópico 2": {
        "mil": 0.0002913714852184057,
        "gobierno": 0.00028564874082803726,
        "millón": 0.00026825728127732873,
        "decir": 0.00026515632634982467,
        "méxico": 0.00026023710961453617,
        "año": 0.00025560305221006274,
        "público": 0.00025084687513299286,
        "tiempo": 0.00025036680744960904,
        "corrupción": 0.0002503235882613808,
        "información": 0.00025019035092554986
    },
    "Tópico 3": {
        "gobierno": 0.0006906061316840351,
        "país": 0.0005703468923456967,
        "año": 0.0005463520647026598,
        "mil": 0.0005393102765083313,
        "decir": 0.0005247771041467786,
        "tiempo": 0.0004934640019200742,
        "público": 0.00048216062714345753,
        "caso": 0.0004719971038866788,
        "corrupción": 0.0004568280710373074,
        "méxico": 0.00043278312659822404
    },
    "Tópico 4": {
        "mil": 0.00030021092970855534,
        "gobierno": 0.0002939090772997588,
        "decir": 0.00026694152620621026,
        "méxico": 0.0002607419155538082,
        "país": 0.0002529076882638037,
        "año": 0.00025054748402908444,
        "gente": 0.00024222723732236773,
        "pueblo": 0.00023981177946552634,
        "corrupción": 0.00023903395049273968,
        "atender": 0.00023577691172249615
    },
    "Tópico 5": {
        "gobierno": 0.0002796992484945804,
        "mil": 0.0002611211675684899,
        "país": 0.00023701640020590276,
        "corrupción": 0.00023637039703316987,
        "pueblo": 0.00023582535504829139,
        "año": 0.00023548603348899633,
        "méxico": 0.00023445913393516093,
        "decir": 0.0002279655891470611,
        "público": 0.00022672016348224133,
        "cosa": 0.00022091697610449046
    },
    "Tópico 6": {
        "gobierno": 0.00027175620198249817,
        "millón": 0.00025279715191572905,
        "tiempo": 0.0002476394874975085,
        "méxico": 0.0002424918202450499,
        "país": 0.00024095975095406175,
        "año": 0.00024045798636507243,
        "mil": 0.00023857710766606033,
        "corrupción": 0.00023767996754031628,
        "decir": 0.0002341226936550811,
        "caso": 0.0002259220345877111
    },
    "Tópico 7": {
        "mil": 0.000255221122642979,
        "gobierno": 0.00024645135272294283,
        "corrupción": 0.00023988938482943922,
        "tiempo": 0.00023735051217954606,
        "méxico": 0.00023259720182977617,
        "pueblo": 0.00023030857846606523,
        "país": 0.0002278855099575594,
        "año": 0.000227621931117028,
        "decir": 0.00022751535288989544,
        "cosa": 0.00022216678189579397
    },
    "Tópico 8": {
        "gobierno": 0.00036885758163407445,
        "mil": 0.0003124525537714362,
        "corrupción": 0.0003017584967892617,
        "país": 0.0003017386479768902,
        "decir": 0.00029058195650577545,
        "año": 0.0002893401251640171,
        "pueblo": 0.00027567666256800294,
        "tiempo": 0.0002726794918999076,
        "público": 0.00026915958733297884,
        "hablar": 0.00026820015045814216
    },
    "Tópico 9": {
        "mil": 0.00026159355184063315,
        "gobierno": 0.00023762285127304494,
        "país": 0.00023031976888887584,
        "público": 0.00022651173640042543,
        "decir": 0.00022176982020027936,
        "año": 0.00022066562087275088,
        "corrupción": 0.00021990267850924283,
        "méxico": 0.0002174470864702016,
        "millón": 0.0002140985307050869,
        "gente": 0.00021241708600427955
    }
}