{
    "Tópico 0": {
        "pueblo": 0.000328120484482497,
        "gente": 0.00024798649246804416,
        "gobierno": 0.0002477238012943417,
        "presidente": 0.00024631578708067536,
        "méxico": 0.0002340825303690508,
        "decir": 0.00023012320161797106,
        "querer": 0.000222886010305956,
        "venir": 0.00021088463836349547,
        "millón": 0.00020705716451629996,
        "caso": 0.00020622683223336935
    },
    "Tópico 1": {
        "pueblo": 0.00815351027995348,
        "méxico": 0.007091912440955639,
        "gente": 0.006414900068193674,
        "decir": 0.006086806766688824,
        "presidente": 0.005970974452793598,
        "querer": 0.0058165546506643295,
        "gobierno": 0.0052750553004443645,
        "año": 0.004927934147417545,
        "venir": 0.004792382474988699,
        "mil": 0.004386818967759609
    },
    "Tópico 2": {
        "pueblo": 0.00024816070799715817,
        "decir": 0.000231482699746266,
        "méxico": 0.0002299108455190435,
        "gente": 0.00022417133732233196,
        "venir": 0.00022295348753686994,
        "gobierno": 0.0002106179017573595,
        "presidente": 0.00020672104437835515,
        "querer": 0.0002054712240351364,
        "reforma": 0.00020436255726963282,
        "año": 0.00020362423674669117
    },
    "Tópico 3": {
        "pueblo": 0.00022151943994686007,
        "méxico": 0.0002157308190362528,
        "gente": 0.00020392364240251482,
        "presidente": 0.00020050135208293796,
        "querer": 0.0001866211969172582,
        "decir": 0.00018356625514570624,
        "año": 0.00018267783161718398,
        "país": 0.00018135290883947164,
        "gobierno": 0.00017942889826372266,
        "seguir": 0.00017352782015223056
    },
    "Tópico 4": {
        "pueblo": 0.00022405294294003397,
        "presidente": 0.0002093037765007466,
        "méxico": 0.00020387575204949826,
        "querer": 0.00020215311087667942,
        "gente": 0.0002009886084124446,
        "decir": 0.0001997704093810171,
        "mil": 0.00019304415036458522,
        "gobierno": 0.00019123386300634593,
        "año": 0.0001854137663030997,
        "país": 0.0001840095646912232
    },
    "Tópico 5": {
        "pueblo": 0.0002046896843239665,
        "decir": 0.00020447476708795875,
        "méxico": 0.00020202832820359617,
        "gobierno": 0.00019701548444572836,
        "querer": 0.000194552427274175,
        "mil": 0.00019266306480858475,
        "venir": 0.00019227140001021326,
        "gente": 0.00018662671209312975,
        "presidente": 0.00018454334349371493,
        "cosa": 0.00017427852435503155
    },
    "Tópico 6": {
        "pueblo": 0.00017023933469317853,
        "méxico": 0.0001634023938095197,
        "querer": 0.00015937929856590927,
        "gente": 0.00015688349958509207,
        "ver": 0.0001516199845355004,
        "decir": 0.00015111548418644816,
        "hablar": 0.0001510556467110291,
        "presidente": 0.00015064892068039626,
        "gobierno": 0.00015060658915899694,
        "año": 0.0001496637414675206
    },
    "Tópico 7": {
        "querer": 0.00020081248658243567,
        "gente": 0.00019639583479147404,
        "méxico": 0.0001946144475368783,
        "pueblo": 0.00018899558926932514,
        "decir": 0.00018887258192989975,
        "presidente": 0.000181514275027439,
        "año": 0.00018113449914380908,
        "tener": 0.0001721461594570428,
        "seguir": 0.00017125440353993326,
        "venir": 0.00016898082685656846
    },
    "Tópico 8": {
        "pueblo": 0.00020098160894121975,
        "méxico": 0.0001916801993502304,
        "gente": 0.00018976109276991338,
        "decir": 0.00018878492119256407,
        "presidente": 0.00018355170323047787,
        "gobierno": 0.00018332750187255442,
        "mil": 0.0001740113802952692,
        "caso": 0.00017329306865576655,
        "año": 0.00017127646424341947,
        "venir": 0.0001675657113082707
    },
    "Tópico 9": {
        "gente": 0.00018145793001167476,
        "pueblo": 0.00017647298227529973,
        "méxico": 0.0001647281605983153,
        "año": 0.00016091350698843598,
        "querer": 0.00015881357830949128,
        "decir": 0.00015697150956839323,
        "presidente": 0.00015561579493805766,
        "venir": 0.00015501324378419667,
        "cosa": 0.0001537482166895643,
        "seguir": 0.00015202573558781296
    }
}