{
    "Tópico 0": {
        " ": 0.0013307391200214624,
        "pueblo": 0.0007052155560813844,
        "mil": 0.0006548806559294462,
        "gente": 0.0005302673671394587,
        "gobierno": 0.00047406202065758407,
        "acapulco": 0.0004560378147289157,
        "decir": 0.0004477827751543373,
        "presidente": 0.00041123852133750916,
        "méxico": 0.0003917605790775269,
        "ayudar": 0.000386086234357208
    },
    "Tópico 1": {
        " ": 0.0005024110432714224,
        "mil": 0.00027258580666966736,
        "pueblo": 0.0002534346131142229,
        "gente": 0.00022695711231790483,
        "decir": 0.0002125712053384632,
        "méxico": 0.00021212761930655688,
        "acapulco": 0.00021089777874294668,
        "millón": 0.00020256363495718688,
        "presidente": 0.00020132858480792493,
        "tiempo": 0.0002007856674026698
    },
    "Tópico 2": {
        " ": 0.0006511944229714572,
        "pueblo": 0.00031045914511196315,
        "mil": 0.0002696518204174936,
        "gente": 0.0002619844162836671,
        "acapulco": 0.00022784448810853064,
        "gobierno": 0.0002234979037893936,
        "caso": 0.00021958038269076496,
        "año": 0.00021521055896300822,
        "llegar": 0.00021125173952896148,
        "presidente": 0.00021022332657594234
    },
    "Tópico 3": {
        " ": 0.00039677234599366784,
        "pueblo": 0.00022650332539342344,
        "mil": 0.00022442555928137153,
        "gente": 0.00020589939958881587,
        "caso": 0.00020588554616551846,
        "gobierno": 0.00020045644487254322,
        "presidente": 0.0001862913486547768,
        "tiempo": 0.00018446147441864014,
        "llegar": 0.00018425012240186334,
        "millón": 0.00018162727064918727
    },
    "Tópico 4": {
        " ": 0.00040406500920653343,
        "mil": 0.00023657295969314873,
        "pueblo": 0.00023308447271119803,
        "gente": 0.0002075621741823852,
        "acapulco": 0.00020385692187119275,
        "año": 0.00019660314137581736,
        "decir": 0.0001960743247764185,
        "gobierno": 0.00019471056293696165,
        "méxico": 0.00019377087301108986,
        "millón": 0.00019190683087799698
    },
    "Tópico 5": {
        " ": 0.028195863589644432,
        "pueblo": 0.009437063708901405,
        "mil": 0.009367069229483604,
        "gente": 0.006919452920556068,
        "gobierno": 0.0055547854863107204,
        "méxico": 0.005061283707618713,
        "acapulco": 0.005036602728068829,
        "decir": 0.0045654852874577045,
        "caso": 0.004449156578630209,
        "presidente": 0.004330835305154324
    },
    "Tópico 6": {
        " ": 0.0003386088355910033,
        "pueblo": 0.00020892225438728929,
        "mil": 0.00019583196262829006,
        "gente": 0.00018960257875733078,
        "gobierno": 0.00018097111023962498,
        "millón": 0.00017563054279889911,
        "acapulco": 0.00017430851585231721,
        "presidente": 0.00017399013449903578,
        "tiempo": 0.00017280860629398376,
        "decir": 0.00017218194261658937
    },
    "Tópico 7": {
        " ": 0.00031052660779096186,
        "mil": 0.00021434064547065645,
        "pueblo": 0.00020214256073813885,
        "gente": 0.00019783532479777932,
        "méxico": 0.0001898746268125251,
        "gobierno": 0.00018748478032648563,
        "querer": 0.00018031487707048655,
        "acapulco": 0.0001791787799447775,
        "decir": 0.00017805279640015215,
        "llegar": 0.00017623176972847432
    },
    "Tópico 8": {
        " ": 0.0005290113040246069,
        "pueblo": 0.00023381183564197272,
        "méxico": 0.00023320000036619604,
        "mil": 0.00023189613420981914,
        "gente": 0.00021649952395819128,
        "gobierno": 0.00021166565420571715,
        "decir": 0.00021150328393559903,
        "seguir": 0.00019972641894128174,
        "caso": 0.00019778680871240795,
        "querer": 0.00019596901256591082
    },
    "Tópico 9": {
        " ": 0.0004098318750038743,
        "mil": 0.0002626444329507649,
        "pueblo": 0.00023282655456569046,
        "gente": 0.0002196572459070012,
        "acapulco": 0.00020064142881892622,
        "gobierno": 0.0001940858201123774,
        "querer": 0.000189629165106453,
        "llegar": 0.00018916031694971025,
        "méxico": 0.0001884826342575252,
        "millón": 0.00018821313278749585
    }
}