{
    "Tópico 0": {
        " ": 0.00026788105606101453,
        "méxico": 0.0002513034560251981,
        "pueblo": 0.00024900282733142376,
        "mil": 0.00023644288012292236,
        "gobierno": 0.00023515243083238602,
        "caso": 0.00023394948220811784,
        "año": 0.00022582127712666988,
        "gente": 0.0002220761962234974,
        "país": 0.00022077281028032303,
        "tiempo": 0.00021653738804161549
    },
    "Tópico 1": {
        "pueblo": 0.00023982075799722224,
        "gente": 0.00023457901261281222,
        " ": 0.00023414693714585155,
        "gobierno": 0.0002307163376826793,
        "caso": 0.00023050248273648322,
        "méxico": 0.00022506284585688263,
        "querer": 0.00022054424334783107,
        "tener": 0.0002201554161729291,
        "mil": 0.00021773498156107962,
        "tiempo": 0.0002109160996042192
    },
    "Tópico 2": {
        " ": 0.0006546875229105353,
        "gobierno": 0.0005978361004963517,
        "méxico": 0.0005945572047494352,
        "pueblo": 0.0005589501233771443,
        "gente": 0.0005470467149280012,
        "caso": 0.0005050422623753548,
        "querer": 0.0004946590051986277,
        "año": 0.00046201280201785266,
        "decir": 0.0004571838944684714,
        "seguir": 0.0004105298430658877
    },
    "Tópico 3": {
        " ": 0.0002624640765134245,
        "méxico": 0.0002480804978404194,
        "gente": 0.00024150912940967828,
        "gobierno": 0.00024056885740719736,
        "tiempo": 0.0002391997550148517,
        "caso": 0.00023304087517317384,
        "mil": 0.0002309860719833523,
        "pueblo": 0.00022694065410178155,
        "país": 0.0002197131107095629,
        "presidente": 0.0002185309713240713
    },
    "Tópico 4": {
        " ": 0.00024261412909254432,
        "gobierno": 0.0002379486832069233,
        "méxico": 0.00023204983153846115,
        "gente": 0.00021769024897366762,
        "pueblo": 0.00021227382239885628,
        "mil": 0.0002105108433170244,
        "año": 0.00020948058227077127,
        "caso": 0.00020841749210376292,
        "tiempo": 0.00020805852545890957,
        "presidente": 0.0002046832669293508
    },
    "Tópico 5": {
        "pueblo": 0.00029469342553056777,
        "gobierno": 0.00029389141127467155,
        "país": 0.00026921601966023445,
        "gente": 0.00025750164058990777,
        " ": 0.00025638530496507883,
        "méxico": 0.0002542651491239667,
        "mil": 0.0002494979999028146,
        "caso": 0.0002409542939858511,
        "año": 0.00023906085698399693,
        "hablar": 0.00023080756363924593
    },
    "Tópico 6": {
        "gobierno": 0.00033814646303653717,
        " ": 0.0003022460441570729,
        "pueblo": 0.0003003932361025363,
        "méxico": 0.0002990885404869914,
        "gente": 0.00028438237495720387,
        "caso": 0.0002680073375813663,
        "año": 0.0002648559748195112,
        "mil": 0.00025474667199887335,
        "llevar": 0.000251420249696821,
        "tiempo": 0.00024310368462465703
    },
    "Tópico 7": {
        "méxico": 0.00027700106147676706,
        " ": 0.0002754847810138017,
        "gobierno": 0.00026881680241785944,
        "mil": 0.00026717138825915754,
        "gente": 0.00026319772587157786,
        "pueblo": 0.0002606282359920442,
        "tiempo": 0.00025672174524515867,
        "país": 0.00024431917699985206,
        "presidente": 0.00023852323647588491,
        "ayudar": 0.00023838930064812303
    },
    "Tópico 8": {
        " ": 0.008169600740075111,
        "gobierno": 0.007578450255095959,
        "pueblo": 0.007256929762661457,
        "méxico": 0.007202194072306156,
        "gente": 0.006342599634081125,
        "mil": 0.005430419463664293,
        "caso": 0.00540199363604188,
        "país": 0.004973468836396933,
        "año": 0.004918989725410938,
        "tiempo": 0.004677404649555683
    },
    "Tópico 9": {
        " ": 0.0002632329997140914,
        "méxico": 0.00024931193911470473,
        "gobierno": 0.00023544582654722035,
        "pueblo": 0.00023370282724499702,
        "gente": 0.00022758579871151596,
        "caso": 0.00022257019008975476,
        "país": 0.00021947927598375827,
        "tiempo": 0.00021713614114560187,
        "mil": 0.00021481889416463673,
        "ayudar": 0.00021435809321701527
    }
}