{
    "Tópico 0": {
        "pueblo": 0.00027721928199753165,
        "gente": 0.0002525786403566599,
        "méxico": 0.00025048700626939535,
        "mil": 0.000244901399128139,
        "año": 0.00024023244623094797,
        "tiempo": 0.00023718371812719852,
        "millón": 0.00023702687758486718,
        "decir": 0.00023640600556973368,
        "ayudar": 0.00023529907048214227,
        "gobierno": 0.00023515275097452104
    },
    "Tópico 1": {
        "pueblo": 0.00029030785663053393,
        "gente": 0.00027498783310875297,
        "millón": 0.0002696388110052794,
        "méxico": 0.00026879896176978946,
        "país": 0.00025892475969158113,
        "presidente": 0.0002544279268477112,
        "gobierno": 0.0002527573087718338,
        "año": 0.000247607211349532,
        "llegar": 0.0002443248522467911,
        "tener": 0.00024407108139712363
    },
    "Tópico 2": {
        "pueblo": 0.0002680929028429091,
        "mil": 0.00025437609292566776,
        "gobierno": 0.0002506545279175043,
        "méxico": 0.0002483161515556276,
        "gente": 0.0002471209445502609,
        "millón": 0.00024594273418188095,
        "llegar": 0.00023827198310755193,
        "decir": 0.00023698556469753385,
        "año": 0.0002367993292864412,
        "presidente": 0.00023625485482625663
    },
    "Tópico 3": {
        "gente": 0.00023636571131646633,
        "méxico": 0.00023142581630963832,
        "decir": 0.00023078247613739222,
        "presidente": 0.00023072528711054474,
        "pueblo": 0.00022839917801320553,
        "mil": 0.00022788891510572284,
        "hablar": 0.00022555924078915268,
        "millón": 0.0002245888317702338,
        "año": 0.0002245146024506539,
        " ": 0.00022411013196688145
    },
    "Tópico 4": {
        "millón": 0.00029028611606918275,
        "pueblo": 0.0002812335442285985,
        "gente": 0.00027556781424209476,
        " ": 0.00026922946562990546,
        "mil": 0.0002679418830666691,
        "año": 0.000263781170360744,
        "méxico": 0.00026236800476908684,
        "hablar": 0.00026144308503717184,
        "país": 0.0002565067261457443,
        "gobierno": 0.00025639584055170417
    },
    "Tópico 5": {
        "pueblo": 0.0005450548487715423,
        "mil": 0.000483546667965129,
        "año": 0.0004689469060394913,
        "méxico": 0.0004652596835512668,
        "millón": 0.00045127380872145295,
        "gente": 0.00044733620597980917,
        "decir": 0.0004459631163626909,
        "público": 0.0004239188274368644,
        "gobierno": 0.0004219304828438908,
        "presidente": 0.00041189289186149836
    },
    "Tópico 6": {
        "méxico": 0.0004521123191807419,
        "pueblo": 0.00039197897422127426,
        "mil": 0.00035110258613713086,
        "gobierno": 0.00034820972359739244,
        "seguir": 0.00034445570781826973,
        "millón": 0.0003405695897527039,
        "año": 0.0003338909591548145,
        "tiempo": 0.0003231274604331702,
        "ayudar": 0.0003221220977138728,
        "gente": 0.0003174060257151723
    },
    "Tópico 7": {
        "pueblo": 0.00027698581106960773,
        "gente": 0.0002741123316809535,
        "méxico": 0.0002702838974073529,
        "mil": 0.0002630637027323246,
        "caso": 0.00025281772832386196,
        "gobierno": 0.0002499562979210168,
        "hablar": 0.0002466685837134719,
        "seguir": 0.000244396913331002,
        "decir": 0.00024147331714630127,
        "presidente": 0.00024095585104078054
    },
    "Tópico 8": {
        "pueblo": 0.0002560876018833369,
        "méxico": 0.00025478561292402446,
        "mil": 0.0002409644512226805,
        "año": 0.00024074253451544791,
        "gobierno": 0.00024016560928430408,
        "millón": 0.000239843619056046,
        "país": 0.00023575095110572875,
        "seguir": 0.00023381866049021482,
        "hablar": 0.00023218666319735348,
        "ayudar": 0.00023209488426800817
    },
    "Tópico 9": {
        "pueblo": 0.008137384429574013,
        "méxico": 0.006990503985434771,
        "gente": 0.005955572705715895,
        "millón": 0.0058075967244803905,
        "mil": 0.005473334342241287,
        "gobierno": 0.0051786587573587894,
        "año": 0.005141208879649639,
        "decir": 0.004586413037031889,
        " ": 0.004476786125451326,
        "presidente": 0.004439003765583038
    }
}