{
    "Tópico 0": {
        "caso": 0.00025933131109923124,
        "año": 0.0002513242361601442,
        "méxico": 0.00024872267385944724,
        "pueblo": 0.00024590257089585066,
        "gobierno": 0.00023895165941212326,
        "mil": 0.0002388845314271748,
        "país": 0.0002333026350243017,
        "decir": 0.00023224178585223854,
        "tiempo": 0.00022831624664831907,
        "derecho": 0.0002278505708090961
    },
    "Tópico 1": {
        "gobierno": 0.00028850624221377075,
        "méxico": 0.0002876688085962087,
        "país": 0.0002707137609831989,
        "mil": 0.0002667921653483063,
        "caso": 0.0002658720768522471,
        "año": 0.0002610562660265714,
        "importante": 0.0002555935352575034,
        "pueblo": 0.0002494424697943032,
        "decir": 0.0002491248887963593,
        "tiempo": 0.00024135065905284137
    },
    "Tópico 2": {
        "gobierno": 0.00024837168166413903,
        "caso": 0.0002357245539315045,
        "pueblo": 0.00023539453104604036,
        "tiempo": 0.00022903288481757045,
        "país": 0.0002251009427709505,
        "gente": 0.000221078225877136,
        "decir": 0.00022073705622460693,
        "hablar": 0.00021912665397394449,
        "méxico": 0.00021775792993139476,
        "querer": 0.00021635361190419644
    },
    "Tópico 3": {
        "pueblo": 0.0002660760947037488,
        "méxico": 0.0002543225127737969,
        "mil": 0.000244907132582739,
        "año": 0.00024415101506747305,
        "gobierno": 0.0002403159742243588,
        "importante": 0.0002316464961040765,
        "país": 0.0002308826515218243,
        "tiempo": 0.0002253449783893302,
        "decir": 0.00022423530754167587,
        "caso": 0.00022390174854081124
    },
    "Tópico 4": {
        "méxico": 0.006531460676342249,
        "gobierno": 0.006503922399133444,
        "pueblo": 0.006144458893686533,
        "año": 0.005952237639576197,
        "mil": 0.0058678751811385155,
        "país": 0.0057856058701872826,
        "caso": 0.005507376044988632,
        "decir": 0.004843987990170717,
        "tiempo": 0.004733317997306585,
        "importante": 0.0044572786428034306
    },
    "Tópico 5": {
        "pueblo": 0.00025819518486969173,
        "caso": 0.0002457148802932352,
        "méxico": 0.00023852776212152094,
        "gobierno": 0.00023367056564893574,
        "año": 0.0002305966627318412,
        "gente": 0.0002279208565596491,
        "mil": 0.00022326323960442096,
        "decir": 0.00022263899154495448,
        "cosa": 0.0002203796902904287,
        "derecho": 0.00021940539591014385
    },
    "Tópico 6": {
        "méxico": 0.00028611678862944245,
        "país": 0.0002774155291263014,
        "mil": 0.0002716899325605482,
        "tiempo": 0.00025953902513720095,
        "información": 0.00025736389216035604,
        "gobierno": 0.0002552223450038582,
        "decir": 0.00025486561935395,
        "caso": 0.0002527973265387118,
        "pueblo": 0.00025063249631784856,
        "año": 0.0002490666520316154
    },
    "Tópico 7": {
        "méxico": 0.00022735731909051538,
        "país": 0.0002246402727905661,
        "gobierno": 0.00022107241966295987,
        "año": 0.00021761008247267455,
        "mil": 0.00021561856556218117,
        "pueblo": 0.00021537976863328367,
        "decir": 0.0002099503471981734,
        "caso": 0.00020979833789169788,
        "gente": 0.00020671544189099222,
        "tiempo": 0.00020588866027537733
    },
    "Tópico 8": {
        "gobierno": 0.00039479334373027086,
        "méxico": 0.00036626795190386474,
        "caso": 0.0003555631556082517,
        "mil": 0.0003524922940414399,
        "pueblo": 0.00033605360658839345,
        "decir": 0.0003189195122104138,
        "tiempo": 0.00031888275407254696,
        "corrupción": 0.00030535171390511096,
        "año": 0.00029432171140797436,
        "hablar": 0.00029038143111392856
    },
    "Tópico 9": {
        "pueblo": 0.00022316219110507518,
        "mil": 0.00022034226276446134,
        "méxico": 0.00021827947057317942,
        "país": 0.00021823204588145018,
        "gobierno": 0.00021260861831251532,
        "tener": 0.00021091397502459586,
        "importante": 0.00021006907627452165,
        "corrupción": 0.00020987950847484171,
        "querer": 0.0002083511499222368,
        "tiempo": 0.00020599632989615202
    }
}