{
    "Tópico 0": {
        "gobierno": 0.0002344018721487373,
        "pueblo": 0.00023014459293335676,
        " ": 0.00022343458840623498,
        "país": 0.00021778451628051698,
        "caso": 0.00021775478671770543,
        "méxico": 0.0002073178329737857,
        "decir": 0.00020457526261452585,
        "tener": 0.00020417232008185238,
        "entregar": 0.00020413179299794137,
        "año": 0.00020353600848466158
    },
    "Tópico 1": {
        "pueblo": 0.0002495398512110114,
        "méxico": 0.000227327473112382,
        " ": 0.00022038679162506014,
        "gente": 0.00021825962176080793,
        "gobierno": 0.00020831792789977044,
        "público": 0.0002034910867223516,
        "hablar": 0.00020086609583813697,
        "caso": 0.00020046981808263808,
        "país": 0.00019935959426220506,
        "tiempo": 0.00019695585069712251
    },
    "Tópico 2": {
        "pueblo": 0.00024007546016946435,
        "gobierno": 0.00022156198974698782,
        "méxico": 0.00020804964879062027,
        "gente": 0.00020631174265872687,
        "decir": 0.00020441683591343462,
        "caso": 0.00020260999735910445,
        "país": 0.000199000263819471,
        "corrupción": 0.00019891168631147593,
        "querer": 0.00019831437384709716,
        " ": 0.0001982527901418507
    },
    "Tópico 3": {
        "pueblo": 0.00039261154597625136,
        "gobierno": 0.00031613759347237647,
        "gente": 0.00029345921939238906,
        " ": 0.0002895459474530071,
        "méxico": 0.0002780575887300074,
        "caso": 0.0002651154645718634,
        "mil": 0.00025640983949415386,
        "decir": 0.00025130214635282755,
        "hablar": 0.00024705706164240837,
        "querer": 0.0002452519547659904
    },
    "Tópico 4": {
        "pueblo": 0.00027697213226929307,
        "gobierno": 0.0002760563511401415,
        "méxico": 0.0002521879505366087,
        "gente": 0.0002512079954613,
        " ": 0.00024983531329780817,
        "caso": 0.00023991859052330256,
        "país": 0.00022824502957519144,
        "decir": 0.00022708209871780127,
        "mil": 0.00022428664669860154,
        "empresa": 0.0002204875199822709
    },
    "Tópico 5": {
        "pueblo": 0.009264209307730198,
        "gobierno": 0.00846792757511139,
        "méxico": 0.006609623786062002,
        " ": 0.006370197515934706,
        "gente": 0.0062974668107926846,
        "caso": 0.00617787754163146,
        "país": 0.004995620343834162,
        "decir": 0.004898252431303263,
        "mil": 0.004730437882244587,
        "tiempo": 0.004416559357196093
    },
    "Tópico 6": {
        "pueblo": 0.00025080470368266106,
        "gobierno": 0.0002461087133269757,
        "méxico": 0.0002256723091704771,
        " ": 0.0002237333101220429,
        "caso": 0.0002200933959102258,
        "tiempo": 0.0002068240864900872,
        "mil": 0.00020224395848345011,
        "gente": 0.0002008872979786247,
        "ayudar": 0.0001954787439899519,
        "corrupción": 0.00019543044618330896
    },
    "Tópico 7": {
        "méxico": 0.0005274243885651231,
        "gobierno": 0.0005128431948833168,
        "pueblo": 0.00045087106991559267,
        "querer": 0.0004003409994766116,
        " ": 0.0003816917887888849,
        "gente": 0.0003755226789508015,
        "caso": 0.000367085071047768,
        "decir": 0.0003558544849511236,
        "público": 0.00033561114105395973,
        "tiempo": 0.00033039506524801254
    },
    "Tópico 8": {
        "pueblo": 0.0004446368257049471,
        "gobierno": 0.0003999149485025555,
        "gente": 0.0003647147386800498,
        "caso": 0.00032594663207419217,
        "méxico": 0.0003229021967854351,
        "país": 0.0003183484368491918,
        "decir": 0.00031659085652790964,
        " ": 0.0003098812885582447,
        "empresa": 0.0003046977799385786,
        "público": 0.0003042403550352901
    },
    "Tópico 9": {
        "gobierno": 0.00026076784706674516,
        "pueblo": 0.0002349677524762228,
        "gente": 0.00023426594270858914,
        " ": 0.00023378664627671242,
        "méxico": 0.00022954911401029676,
        "caso": 0.0002214430132880807,
        "decir": 0.00020827217667829245,
        "público": 0.00020809535635635257,
        "año": 0.00020653527462854981,
        "país": 0.00020546252198982984
    }
}