{
    "Tópico 0": {
        "decir": 0.0002571183431427926,
        "gobierno": 0.00025499644107185304,
        "caso": 0.0002454129862599075,
        "corrupción": 0.00024242930521722883,
        "pueblo": 0.00022933789296075702,
        "tiempo": 0.00022469204850494862,
        "mil": 0.00022104628442320973,
        "política": 0.00021921603183727711,
        "información": 0.00021776689391117543,
        "año": 0.00021659750200342387
    },
    "Tópico 1": {
        "pueblo": 0.00022606697166338563,
        "gobierno": 0.00022596593771595508,
        "mil": 0.00022544717648997903,
        "caso": 0.00022446457296609879,
        "corrupción": 0.00022300315322354436,
        "tiempo": 0.0002206533681601286,
        "país": 0.00021609013492707163,
        "política": 0.00021315009507816285,
        "importante": 0.00021241542708594352,
        "decir": 0.00021103676408529282
    },
    "Tópico 2": {
        "caso": 0.00034644646802917123,
        "gobierno": 0.00032288412330672145,
        "decir": 0.00030856160447001457,
        "méxico": 0.00029295028070919216,
        "pueblo": 0.000291490025119856,
        "tiempo": 0.0002831094025168568,
        "corrupción": 0.0002766579855233431,
        "mil": 0.000269871175987646,
        "vida": 0.0002652897092048079,
        "público": 0.0002644358028192073
    },
    "Tópico 3": {
        "caso": 0.00031680837855674326,
        "decir": 0.0003082506882492453,
        "gobierno": 0.0003066623175982386,
        "querer": 0.0003051175153814256,
        "méxico": 0.0003046716738026589,
        "información": 0.0002971088979393244,
        "gente": 0.00029566523153334856,
        "año": 0.00028955884044989944,
        "corrupción": 0.00028282011044211686,
        "público": 0.00027483762823976576
    },
    "Tópico 4": {
        "caso": 0.00024169230891857296,
        "gobierno": 0.0002404618717264384,
        "pueblo": 0.00022563374659512192,
        "decir": 0.0002191877574659884,
        "ver": 0.00021365913562476635,
        "política": 0.00021270362776704133,
        "mil": 0.00021089092479087412,
        "importante": 0.00020955201762262732,
        "tiempo": 0.00020832779409829527,
        "méxico": 0.00020697765285149217
    },
    "Tópico 5": {
        "gobierno": 0.0002499697729945183,
        "decir": 0.00021783693227916956,
        "política": 0.00021615630248561502,
        "corrupción": 0.00021223931980784982,
        "mil": 0.00021173398999962956,
        "asunto": 0.00021062356245238334,
        "tiempo": 0.00021062004088889807,
        "querer": 0.00021026180183980614,
        "caso": 0.0002093039802275598,
        "pueblo": 0.00020918514928780496
    },
    "Tópico 6": {
        "gobierno": 0.00022202324180398136,
        "caso": 0.0002196124114561826,
        "importante": 0.00020614782988559455,
        "decir": 0.00020599305571522564,
        "año": 0.00020379865600261837,
        "pueblo": 0.00020321136980783194,
        "corrupción": 0.00020292497356422246,
        "asunto": 0.00019827543292194605,
        "mil": 0.00019772160158026963,
        "tiempo": 0.00019616821373347193
    },
    "Tópico 7": {
        "caso": 0.0003475033154245466,
        "corrupción": 0.0003221738734282553,
        "méxico": 0.00031719711842015386,
        "importante": 0.00029801236814819276,
        "tiempo": 0.0002944046864286065,
        "decir": 0.00029276477289386094,
        "gobierno": 0.00028059541364200413,
        "querer": 0.00027842505369335413,
        "tener": 0.0002759197086561471,
        "pueblo": 0.0002743570657912642
    },
    "Tópico 8": {
        "gobierno": 0.006944606080651283,
        "caso": 0.006217227317392826,
        "decir": 0.005758574698120356,
        "pueblo": 0.005251160357147455,
        "corrupción": 0.004959859885275364,
        "tiempo": 0.004887961316853762,
        "méxico": 0.004838854540139437,
        "mil": 0.004791788291186094,
        "país": 0.004598706029355526,
        "importante": 0.00447722477838397
    },
    "Tópico 9": {
        "gobierno": 0.00024118741566780955,
        "país": 0.00021460410789586604,
        "méxico": 0.00021439917327370495,
        "decir": 0.00021437260147649795,
        "pueblo": 0.0002062237326754257,
        "caso": 0.0002056332741631195,
        "querer": 0.00020351051352918148,
        "vida": 0.00020024325931444764,
        "público": 0.00019988499116152525,
        "tiempo": 0.00019819007138721645
    }
}