{
    "Tópico 0": {
        " ": 0.00026771193370223045,
        "mil": 0.00019797204004134983,
        "gobierno": 0.0001923371892189607,
        "méxico": 0.0001918901689350605,
        "pueblo": 0.00018970516975969076,
        "presidente": 0.0001856882154243067,
        "ver": 0.0001818620366975665,
        "año": 0.00017931307957042009,
        "hablar": 0.00017884522094391286,
        "querer": 0.00017819361528381705
    },
    "Tópico 1": {
        " ": 0.02693176455795765,
        "mil": 0.007591179572045803,
        "pueblo": 0.006466620601713657,
        "gobierno": 0.005933184176683426,
        "presidente": 0.005764211993664503,
        "méxico": 0.005736069288104773,
        "gente": 0.004696230869740248,
        "tren": 0.004639696795493364,
        "llegar": 0.004443653859198093,
        "ver": 0.004387165419757366
    },
    "Tópico 2": {
        " ": 0.00032144205761142075,
        "mil": 0.00021688082779292017,
        "presidente": 0.0002061306731775403,
        "pueblo": 0.00019641435937955976,
        "gobierno": 0.00019399540906306356,
        "méxico": 0.00019188207807019353,
        "llegar": 0.000187958765309304,
        "decir": 0.00018612465646583587,
        "hablar": 0.00018368744349572808,
        "gente": 0.00018318432557862252
    },
    "Tópico 3": {
        " ": 0.0002538797853048891,
        "mil": 0.00019293752848170698,
        "presidente": 0.00018696562619879842,
        "pueblo": 0.00017961868434213102,
        "año": 0.00017680885503068566,
        "llegar": 0.00017591749201528728,
        "gobierno": 0.00017496568034403026,
        "hablar": 0.00017365923849865794,
        "gente": 0.00017362029757350683,
        "millón": 0.0001722425949992612
    },
    "Tópico 4": {
        " ": 0.0002890914329327643,
        "méxico": 0.00021058377751614898,
        "pueblo": 0.00020259723532944918,
        "gobierno": 0.0002001233078772202,
        "mil": 0.00020001703524030745,
        "caso": 0.00018978158186655492,
        "presidente": 0.00018819242541212589,
        "ayudar": 0.00018784710846375674,
        "llegar": 0.00018744292901828885,
        "decir": 0.0001839886826928705
    },
    "Tópico 5": {
        " ": 0.00037942835479043424,
        "mil": 0.00024649291299283504,
        "pueblo": 0.00022201605315785855,
        "gobierno": 0.0002090410707751289,
        "tren": 0.0002050666225841269,
        "hablar": 0.00020154564117547125,
        "gente": 0.00020047783618792892,
        "presidente": 0.00019983379752375185,
        "millón": 0.00019591634918469936,
        "ver": 0.00019529346900526434
    },
    "Tópico 6": {
        " ": 0.0004365009954199195,
        "mil": 0.00024682917864993215,
        "méxico": 0.00022200185048859566,
        "gente": 0.00022040535986889154,
        "tren": 0.00021912978263571858,
        "pueblo": 0.00021754764020442963,
        "presidente": 0.00021271200967021286,
        "gobierno": 0.00020724310888908803,
        "decir": 0.0002024408313445747,
        "hablar": 0.0002023357810685411
    },
    "Tópico 7": {
        " ": 0.0004949290305376053,
        "presidente": 0.00023675344709772617,
        "gobierno": 0.00022977519256528467,
        "mil": 0.00022693029313813895,
        "méxico": 0.00022398552391678095,
        "pueblo": 0.00022147741401568055,
        "llegar": 0.00022074943990446627,
        "tren": 0.0002175222907681018,
        "querer": 0.00021442322758957744,
        "año": 0.00020913583284709603
    },
    "Tópico 8": {
        " ": 0.00047472500591538846,
        "pueblo": 0.00025342588196508586,
        "méxico": 0.00021751108579337597,
        "mil": 0.0002110275236191228,
        "gobierno": 0.0002109705819748342,
        "tren": 0.00020901657990179956,
        "caso": 0.00020772733842022717,
        "gente": 0.0002070315385935828,
        "presidente": 0.00020449339353945106,
        "ver": 0.00019792951934505254
    },
    "Tópico 9": {
        " ": 0.0003698681539390236,
        "mil": 0.00022252646158449352,
        "pueblo": 0.00020729271636810154,
        "presidente": 0.00020115867664571851,
        "méxico": 0.00019949470879510045,
        "gobierno": 0.00019876639998983592,
        "ver": 0.000198691850528121,
        "gente": 0.0001940015790751204,
        "país": 0.0001918703637784347,
        "tren": 0.0001916289475047961
    }
}