{
    "Tópico 0": {
        "pueblo": 0.0001992701436392963,
        "méxico": 0.00018447042384650558,
        "gente": 0.0001824068312998861,
        "decir": 0.0001787570072337985,
        "país": 0.00017763764481060207,
        "año": 0.00017727541853673756,
        "seguir": 0.00017687547369860113,
        "tiempo": 0.0001748350478010252,
        "gobierno": 0.00017293234122917056,
        "ver": 0.00017073169874493033
    },
    "Tópico 1": {
        "gobierno": 0.00020303668861743063,
        "pueblo": 0.0001958488574018702,
        "decir": 0.0001897165202535689,
        "gente": 0.00018655328312888741,
        "méxico": 0.0001848937972681597,
        "tiempo": 0.00018417021783534437,
        "hablar": 0.00017839901556726545,
        "año": 0.00017791915161069483,
        "país": 0.00017773009312804788,
        "ver": 0.00017705773643683642
    },
    "Tópico 2": {
        "méxico": 0.00022514980810228735,
        "mil": 0.00021427708270493895,
        "decir": 0.00020931450126226991,
        "querer": 0.00020745827350765467,
        "gente": 0.0002019723178818822,
        "gobierno": 0.00019940990023314953,
        "país": 0.00019936729222536087,
        "llegar": 0.00019448797684162855,
        "pueblo": 0.0001944380346685648,
        "hablar": 0.0001938437344506383
    },
    "Tópico 3": {
        "méxico": 0.0003381155547685921,
        "seguir": 0.00031821467564441264,
        "país": 0.00031145178945735097,
        "pueblo": 0.00030365734710358083,
        "decir": 0.0003016371338162571,
        "querer": 0.0002925841836258769,
        "gobierno": 0.000291157717583701,
        "ver": 0.00028735684463754296,
        "mil": 0.0002818360226228833,
        "gente": 0.0002723092620726675
    },
    "Tópico 4": {
        "decir": 0.0001926160475704819,
        "méxico": 0.0001916383480420336,
        "pueblo": 0.00018808225286193192,
        "país": 0.00018092682876158506,
        "gente": 0.00018078499124385417,
        "querer": 0.0001785074855433777,
        "mil": 0.0001756882411427796,
        "hablar": 0.0001725834736134857,
        "gobierno": 0.00017141990247182548,
        "caso": 0.00017022051906678826
    },
    "Tópico 5": {
        "méxico": 0.00026953770429827273,
        "pueblo": 0.00024916452821344137,
        "gente": 0.0002479981048963964,
        "decir": 0.0002475433284416795,
        "ver": 0.00024346687132492661,
        "año": 0.00023614239762537181,
        "país": 0.00022546052059624344,
        "hablar": 0.00021930140792392194,
        "mil": 0.00021679981728084385,
        "tiempo": 0.0002149857027688995
    },
    "Tópico 6": {
        "méxico": 0.006667657755315304,
        "pueblo": 0.006026184186339378,
        "gente": 0.0059853000566363335,
        "decir": 0.005901806987822056,
        "gobierno": 0.005447089206427336,
        "querer": 0.004929001908749342,
        "país": 0.004907518625259399,
        "año": 0.004846757743507624,
        "mil": 0.004825903568416834,
        "ver": 0.004555614199489355
    },
    "Tópico 7": {
        "méxico": 0.00021826066949870437,
        "gente": 0.00021789858874399215,
        "país": 0.0002058841346297413,
        "querer": 0.0002049898321274668,
        "decir": 0.00020336531451903284,
        "pueblo": 0.00020091942860744894,
        "ver": 0.0001906537072500214,
        "seguir": 0.00018885433382820338,
        "año": 0.0001872834109235555,
        "gobierno": 0.00018674571765586734
    },
    "Tópico 8": {
        "méxico": 0.0002191680105170235,
        "gente": 0.0002052969648502767,
        "pueblo": 0.00019995424372609705,
        "gobierno": 0.00019979393982794136,
        "decir": 0.00019762245938181877,
        "año": 0.0001919312635436654,
        "tiempo": 0.00019069969130214304,
        "ayudar": 0.00019058267935179174,
        "querer": 0.00018889561761170626,
        "país": 0.0001854038710007444
    },
    "Tópico 9": {
        "decir": 0.0002134496025973931,
        "pueblo": 0.00020741885236930102,
        "gente": 0.00020557989773806185,
        "gobierno": 0.00020471416064538062,
        "méxico": 0.00020414983737282455,
        "ver": 0.0001951245649252087,
        "llegar": 0.00018807989545166492,
        "querer": 0.00018772365001495928,
        "país": 0.00018615773296914995,
        "hablar": 0.00018611842824611813
    }
}