{
    "Tópico 0": {
        " ": 0.004479336552321911,
        "gobierno": 0.0031750004272907972,
        "méxico": 0.0027185194194316864,
        "gente": 0.0026309408713132143,
        "decir": 0.00237071979790926,
        "millón": 0.002198403002694249,
        "empresa": 0.001989051466807723,
        "mil": 0.0018834808142855763,
        "querer": 0.001740167965181172,
        "año": 0.0017357717733830214
    },
    "Tópico 1": {
        " ": 0.00025428904336877167,
        "méxico": 0.00022873710258863866,
        "gobierno": 0.00020908235455863178,
        "pueblo": 0.0001946892007254064,
        "millón": 0.00018938875291496515,
        "mil": 0.00018928492499981076,
        "decir": 0.00018822764104697853,
        "caso": 0.00018659494526218623,
        "empresa": 0.00018545083003118634,
        "pagar": 0.00018341017130296677
    },
    "Tópico 2": {
        " ": 0.00025330675998702645,
        "gobierno": 0.00022448619711212814,
        "millón": 0.00022292767243925482,
        "méxico": 0.0002226886135758832,
        "pueblo": 0.00021110981469973922,
        "gente": 0.00020592115470208228,
        "empresa": 0.00020190919167362154,
        "año": 0.00020031278836540878,
        "entregar": 0.00020008700084872544,
        "mil": 0.00019571652228478342
    },
    "Tópico 3": {
        " ": 0.0003570384287741035,
        "méxico": 0.00027305769617669284,
        "millón": 0.000265152397332713,
        "mil": 0.00026379062910564244,
        "empresa": 0.00026365616940893233,
        "gobierno": 0.00025531009305268526,
        "año": 0.000250146200414747,
        "gente": 0.00024479080457240343,
        "decir": 0.00024296082847286016,
        "público": 0.00023039588995743543
    },
    "Tópico 4": {
        " ": 0.00024250242859125137,
        "méxico": 0.000221765847527422,
        "gobierno": 0.00021244687377475202,
        "gente": 0.00020036211935803294,
        "decir": 0.00019883002096321434,
        "mil": 0.00019820171291939914,
        "millón": 0.0001980800152523443,
        "pueblo": 0.00019543059170246124,
        "ver": 0.000194743464817293,
        "empresa": 0.00019382091704756021
    },
    "Tópico 5": {
        " ": 0.0002761264331638813,
        "méxico": 0.00022927304962649941,
        "pueblo": 0.00022242413251660764,
        "gobierno": 0.00021848719916306436,
        "gente": 0.00021525130432564765,
        "empresa": 0.00021324213594198227,
        "caso": 0.00020912564650643617,
        "millón": 0.00020772582502104342,
        "público": 0.00019972324662376195,
        "querer": 0.00019435530703049153
    },
    "Tópico 6": {
        " ": 0.00026606328901834786,
        "méxico": 0.000213750681723468,
        "gobierno": 0.00021323931287042797,
        "pueblo": 0.00021021497377660125,
        "tiempo": 0.0002029567549470812,
        "gente": 0.00020171626238152385,
        "millón": 0.00019657639495562762,
        "público": 0.0001928476704051718,
        "año": 0.00019226604490540922,
        "querer": 0.00019213801715523005
    },
    "Tópico 7": {
        " ": 0.00022599838848691434,
        "méxico": 0.0002084779116557911,
        "mil": 0.00020457612117752433,
        "gobierno": 0.0002027234877459705,
        "empresa": 0.00018995365826413035,
        "decir": 0.00018713338067755103,
        "gente": 0.0001861747441580519,
        "querer": 0.00018380413530394435,
        "tiempo": 0.00018197023018728942,
        "presidente": 0.000181967145181261
    },
    "Tópico 8": {
        " ": 0.00031733218929730356,
        "méxico": 0.000272386270808056,
        "gobierno": 0.00026339362375438213,
        "pueblo": 0.00024527922505512834,
        "mil": 0.00024238781770691276,
        "empresa": 0.00022186862770467997,
        "gente": 0.0002185275370720774,
        "decir": 0.00021689460845664144,
        "tiempo": 0.0002154904796043411,
        "caso": 0.0002125393511960283
    },
    "Tópico 9": {
        " ": 0.011350427754223347,
        "méxico": 0.007510973606258631,
        "gobierno": 0.0070610954426229,
        "mil": 0.005931258201599121,
        "pueblo": 0.005574414506554604,
        "empresa": 0.0053930399008095264,
        "millón": 0.005216597579419613,
        "gente": 0.005131592974066734,
        "decir": 0.004726074170321226,
        "año": 0.004476685076951981
    }
}