{
    "Tópico 0": {
        "m\\'e1s": 0.0001746567286318168,
        "est\\'e1": 0.00016793432587292045,
        "tambi\\'e9n": 0.00015613016148563474,
        "m\\'e9xico": 0.00015325199638027698,
        "pueblo": 0.00015255743346642703,
        "est\\'e1n": 0.0001474174641771242,
        "mil": 0.00014669759548269212,
        "s\\'ed": 0.00014280309551395476,
        "gobierno": 0.00013949177809990942,
        "qu\\'e9": 0.00013919724733568728
    },
    "Tópico 1": {
        "tambi\\'e9n": 0.00016259959375020117,
        "mil": 0.0001582152326591313,
        "est\\'e1n": 0.0001555310154799372,
        "m\\'e1s": 0.0001537975767860189,
        "est\\'e1": 0.00014925295545253903,
        "m\\'e9xico": 0.00014887408178765327,
        "pueblo": 0.00014258752344176173,
        "presidente": 0.0001419300533598289,
        "aqu\\'ed": 0.00013908864639233798,
        "gente": 0.00013849613605998456
    },
    "Tópico 2": {
        "m\\'e1s": 0.0001837444433476776,
        "tambi\\'e9n": 0.00017922325059771538,
        "est\\'e1": 0.00017641362501308322,
        "pueblo": 0.00015531020471826196,
        "est\\'e1n": 0.00015208184777293354,
        "mil": 0.00014698876475449651,
        "presidente": 0.0001464482193114236,
        "s\\'ed": 0.00014594242384191602,
        "m\\'e9xico": 0.00014341597852762789,
        "gente": 0.00014011480379849672
    },
    "Tópico 3": {
        "est\\'e1": 0.00020820772624574602,
        "m\\'e1s": 0.00019640159734990448,
        "tambi\\'e9n": 0.00018173697753809392,
        "est\\'e1n": 0.00016900160699151456,
        "mil": 0.0001674909144639969,
        "pueblo": 0.00015522571629844606,
        "presidente": 0.00015139086463022977,
        "d\\'eda": 0.00014835067850071937,
        "m\\'e9xico": 0.000145954720210284,
        "s\\'ed": 0.00014525554433930665
    },
    "Tópico 4": {
        "m\\'e1s": 0.00024904494057409465,
        "est\\'e1": 0.0002100708952639252,
        "tambi\\'e9n": 0.00020707865769509226,
        "mil": 0.00018356430518906564,
        "est\\'e1n": 0.00018326909048482776,
        "pueblo": 0.00017039368685800582,
        "gobierno": 0.0001654476363910362,
        "gente": 0.00016396444698330015,
        "ah\\'ed": 0.00016354334366042167,
        "millón": 0.00016312325897160918
    },
    "Tópico 5": {
        "m\\'e1s": 0.00015065928164403886,
        "tambi\\'e9n": 0.00014628726057708263,
        "est\\'e1": 0.00014584780728910118,
        "est\\'e1n": 0.0001438200124539435,
        "mil": 0.00013640883844345808,
        "pueblo": 0.00013606800348497927,
        "m\\'e9xico": 0.00013310856593307108,
        "d\\'eda": 0.00013162600225768983,
        "s\\'ed": 0.00012935171253047884,
        "gente": 0.00012843521835748106
    },
    "Tópico 6": {
        "m\\'e1s": 0.00020934341591782868,
        "tambi\\'e9n": 0.00019469583639875054,
        "est\\'e1": 0.00017610911163501441,
        "est\\'e1n": 0.00016523052181582898,
        "pueblo": 0.00016435861471109092,
        "mil": 0.00015521277964580804,
        "presidente": 0.00015232228906825185,
        "s\\'ed": 0.0001480942009948194,
        "gente": 0.00014807609841227531,
        "pa\\'eds": 0.00014794526214245707
    },
    "Tópico 7": {
        "est\\'e1": 0.00016063379007391632,
        "m\\'e1s": 0.00015091891691554338,
        "tambi\\'e9n": 0.00014912631013430655,
        "mil": 0.0001460820494685322,
        "est\\'e1n": 0.00014560448471456766,
        "gente": 0.00014175775868352503,
        "m\\'e9xico": 0.00013703164586331695,
        "pueblo": 0.00013528465933632106,
        "s\\'ed": 0.00013309658970683813,
        "caso": 0.00013102831144351512
    },
    "Tópico 8": {
        "m\\'e1s": 0.010763846337795258,
        "est\\'e1": 0.009268335066735744,
        "tambi\\'e9n": 0.008681299164891243,
        "est\\'e1n": 0.007069509010761976,
        "mil": 0.006482851225882769,
        "pueblo": 0.005690997000783682,
        "m\\'e9xico": 0.005046045873314142,
        "presidente": 0.004429979715496302,
        "s\\'ed": 0.004254412837326527,
        "gente": 0.004254126455634832
    },
    "Tópico 9": {
        "tambi\\'e9n": 0.000156394686200656,
        "m\\'e1s": 0.0001542015525046736,
        "est\\'e1": 0.00014861331146676093,
        "est\\'e1n": 0.0001460567582398653,
        "mil": 0.00014304280921351165,
        "presidente": 0.0001425172813469544,
        "s\\'ed": 0.0001414104044670239,
        "m\\'e9xico": 0.00013935790047980845,
        "gobierno": 0.00013423903146758676,
        "pueblo": 0.00013394322013482451
    }
}