{
    "Tópico 0": {
        " ": 0.0002872965997084975,
        "presidente": 0.00019395648268982768,
        "mil": 0.00018779562378767878,
        "pueblo": 0.00018376325897406787,
        "tren": 0.00018330308375880122,
        "país": 0.00018312889733351767,
        "ver": 0.00018303746765013784,
        "llegar": 0.00018293577886652201,
        "méxico": 0.0001805591891752556,
        "gente": 0.00017906153516378254
    },
    "Tópico 1": {
        " ": 0.00036448249011300504,
        "mil": 0.00021206244127824903,
        "presidente": 0.00019708956824615598,
        "pueblo": 0.00019288370094727725,
        "méxico": 0.0001913122832775116,
        "gente": 0.00018932903185486794,
        "año": 0.00018847163300961256,
        "gobierno": 0.00018745580746326596,
        "querer": 0.0001850865810411051,
        "tren": 0.0001841791527112946
    },
    "Tópico 2": {
        " ": 0.0002533036167733371,
        "mil": 0.00019010087999049574,
        "méxico": 0.00018877966795116663,
        "pueblo": 0.00018459655984770507,
        "tren": 0.00018116591672878712,
        "llegar": 0.00018010956409852952,
        "presidente": 0.00017779532936401665,
        "gobierno": 0.00017688820662442595,
        "ver": 0.00017631828086450696,
        "gente": 0.00017560122068971395
    },
    "Tópico 3": {
        " ": 0.026925070211291313,
        "mil": 0.007590488065034151,
        "pueblo": 0.006466781720519066,
        "gobierno": 0.0059334165416657925,
        "presidente": 0.00576573982834816,
        "méxico": 0.0057363612577319145,
        "gente": 0.004697669297456741,
        "tren": 0.00464035477489233,
        "llegar": 0.004443666432052851,
        "ver": 0.004386771470308304
    },
    "Tópico 4": {
        " ": 0.0002717113820835948,
        "pueblo": 0.00021207229292485863,
        "mil": 0.00019937046454288065,
        "presidente": 0.00019645484280772507,
        "gobierno": 0.00018885989265982062,
        "méxico": 0.00018625904340296984,
        "gente": 0.00018331510364077985,
        "ver": 0.0001807546359486878,
        "llegar": 0.00017876586935017258,
        "tren": 0.0001781121827661991
    },
    "Tópico 5": {
        " ": 0.0004630649054888636,
        "mil": 0.00025304657174274325,
        "presidente": 0.0002303670917171985,
        "pueblo": 0.0002193810069002211,
        "gobierno": 0.0002188976650359109,
        "ver": 0.0002114776143571362,
        "méxico": 0.00021013668447267264,
        "llegar": 0.00019828900985885412,
        "decir": 0.00019658292876556516,
        "caso": 0.000196499953744933
    },
    "Tópico 6": {
        " ": 0.0004897158360108733,
        "mil": 0.00024114905681926757,
        "gente": 0.00023032833996694535,
        "gobierno": 0.00022749931667931378,
        "ver": 0.00022601989621762186,
        "méxico": 0.00022507418179884553,
        "caso": 0.0002227906370535493,
        "pueblo": 0.00021760285017080605,
        "llegar": 0.0002133562957169488,
        "tren": 0.0002122540317941457
    },
    "Tópico 7": {
        " ": 0.0010042226640507579,
        "pueblo": 0.00044946116395294666,
        "mil": 0.00043876259587705135,
        "gobierno": 0.00036256288876757026,
        "presidente": 0.0003400477871764451,
        "pasar": 0.0003358082612976432,
        "méxico": 0.0003326144360471517,
        "gente": 0.00030655995942652225,
        "tren": 0.0002969348570331931,
        "país": 0.0002952668583020568
    },
    "Tópico 8": {
        " ": 0.0004912078147754073,
        "mil": 0.00023584738664794713,
        "pueblo": 0.00023100088583305478,
        "méxico": 0.00022954551968723536,
        "presidente": 0.0002235668507637456,
        "hablar": 0.00021906258189119399,
        "gobierno": 0.0002169868239434436,
        "tren": 0.0002150472137145698,
        "decir": 0.00020444233086891472,
        "querer": 0.00020372240396682173
    },
    "Tópico 9": {
        " ": 0.0015537409344688058,
        "mil": 0.00046731263864785433,
        "méxico": 0.0003833475348073989,
        "gobierno": 0.00038221670547500253,
        "pueblo": 0.00035385621595196426,
        "caso": 0.0003519178426358849,
        "año": 0.0003517740697134286,
        "ver": 0.00032713767723180354,
        "tren": 0.0003258901124354452,
        "llegar": 0.00032011314760893583
    }
}