{
    "Tópico 0": {
        "gente": 0.00021663171355612576,
        "decir": 0.00021537780412472785,
        "pueblo": 0.00021428342733997852,
        "gobierno": 0.00021234490850474685,
        "querer": 0.00020285678328946233,
        "país": 0.00019986458937637508,
        "ayudar": 0.00019854522543027997,
        "hablar": 0.0001965595583897084,
        "seguir": 0.0001945255498867482,
        "mil": 0.0001944695832207799
    },
    "Tópico 1": {
        "gente": 0.0002018231461988762,
        "pueblo": 0.00020123527792748064,
        "gobierno": 0.000195167915080674,
        "méxico": 0.00019360051373951137,
        "seguir": 0.0001901215291582048,
        "mil": 0.00018919420836027712,
        "decir": 0.00018898908456321806,
        "tiempo": 0.00018709857249632478,
        "presidente": 0.00018447605543769896,
        "ayudar": 0.00018333361367695034
    },
    "Tópico 2": {
        "gobierno": 0.00021118932636454701,
        "gente": 0.0002048706082860008,
        "decir": 0.00020049930026289076,
        "querer": 0.0001926974073285237,
        "méxico": 0.0001926777622429654,
        "hablar": 0.00019064187654294074,
        "público": 0.00019018792954739183,
        "pueblo": 0.0001886783866211772,
        "país": 0.00018574112618807703,
        "nacional": 0.00018316463683731854
    },
    "Tópico 3": {
        "decir": 0.0002455145586282015,
        "gente": 0.00023127587337512523,
        "pueblo": 0.0002269955730298534,
        "gobierno": 0.00022455638099927455,
        "hablar": 0.00021988201478961855,
        "país": 0.00021865504095330834,
        "tiempo": 0.00021854443184565753,
        "querer": 0.00021223198564257473,
        "ayudar": 0.00020855404727626592,
        "méxico": 0.00020619487622752786
    },
    "Tópico 4": {
        "gente": 0.006452579516917467,
        "pueblo": 0.006073493976145983,
        "decir": 0.0059845177456736565,
        "gobierno": 0.005849610082805157,
        "méxico": 0.005180661100894213,
        "querer": 0.005069399252533913,
        "país": 0.004845841322094202,
        "hablar": 0.004555291961878538,
        "mil": 0.004533178173005581,
        "seguir": 0.004421386402100325
    },
    "Tópico 5": {
        "pueblo": 0.00021095208649057895,
        "méxico": 0.00020788611436728388,
        "gente": 0.0002066777815343812,
        "gobierno": 0.000190979553735815,
        "tiempo": 0.0001901567738968879,
        "ayudar": 0.00018924681353382766,
        "país": 0.00018923035531770438,
        "público": 0.00018670711142476648,
        "mil": 0.00018592998094391078,
        "decir": 0.00018462473235558718
    },
    "Tópico 6": {
        "pueblo": 0.0002222311304649338,
        "decir": 0.00021984953491482884,
        "gobierno": 0.00021937034034635872,
        "gente": 0.00021804342395626009,
        "hablar": 0.0002173862885683775,
        "méxico": 0.00021409016335383058,
        "caso": 0.0002123820740962401,
        "querer": 0.00020902919641230255,
        "país": 0.0002085855376208201,
        "mil": 0.00020857923664152622
    },
    "Tópico 7": {
        "gobierno": 0.00021126562205608934,
        "gente": 0.0002043524436885491,
        "pueblo": 0.0002005089190788567,
        "ayudar": 0.0001996472419705242,
        "querer": 0.00019937021716032177,
        "público": 0.00019529771816451102,
        "seguir": 0.00019495324522722512,
        "país": 0.00019198202062398195,
        "mil": 0.00019110259017907083,
        "decir": 0.0001904964738059789
    },
    "Tópico 8": {
        "gente": 0.0002015617210417986,
        "decir": 0.0001994188060052693,
        "pueblo": 0.00019632621842902154,
        "gobierno": 0.0001959151413757354,
        "méxico": 0.00019432319095358253,
        "ver": 0.00018966911011375487,
        "tiempo": 0.0001842376368585974,
        "público": 0.00018361698312219232,
        "caso": 0.0001824537612264976,
        "querer": 0.00018230923160444945
    },
    "Tópico 9": {
        "gente": 0.00026210612850263715,
        "gobierno": 0.000245723407715559,
        "pueblo": 0.0002246811200166121,
        "querer": 0.00022128276759758592,
        "país": 0.00021999406453687698,
        "méxico": 0.00021523176110349596,
        "seguir": 0.0002138552808901295,
        "mil": 0.00021269152057357132,
        "decir": 0.00021242043294478208,
        "empresa": 0.00020988992764614522
    }
}