{
    "Tópico 0": {
        "gobierno": 0.00023671070812270045,
        "año": 0.00022286140301730484,
        "caso": 0.00022250796610023826,
        "méxico": 0.00022204749984666705,
        "tiempo": 0.00022179442748893052,
        "pueblo": 0.000219885419937782,
        "presidente": 0.0002183375763706863,
        "país": 0.0002169090003008023,
        "mil": 0.00021122572070453316,
        "decir": 0.00020777194004040211
    },
    "Tópico 1": {
        "méxico": 0.00782728660851717,
        "gobierno": 0.007509761024266481,
        "mil": 0.006872997619211674,
        "pueblo": 0.006146350875496864,
        "presidente": 0.005831426475197077,
        " ": 0.0053551653400063515,
        "país": 0.0050371186807751656,
        "año": 0.004912072326987982,
        "decir": 0.004880425054579973,
        "caso": 0.004753460176289082
    },
    "Tópico 2": {
        "gobierno": 0.00024497363483533263,
        "méxico": 0.0002445335267111659,
        "mil": 0.00023426083498634398,
        "pueblo": 0.00023234573018271476,
        " ": 0.00022981477377470583,
        "decir": 0.00022198987426236272,
        "año": 0.00021940961596556008,
        "presidente": 0.00021505422773770988,
        "tiempo": 0.0002138048002962023,
        "caso": 0.00021254472085274756
    },
    "Tópico 3": {
        "méxico": 0.00021584599744528532,
        "gobierno": 0.0002145198523066938,
        "mil": 0.00021302350796759129,
        "pueblo": 0.0002129578060703352,
        " ": 0.00020636837871279567,
        "presidente": 0.00020472545293159783,
        "país": 0.0002017998049268499,
        "año": 0.00020052451873198152,
        "querer": 0.00019954843446612358,
        "decir": 0.00019909195543732494
    },
    "Tópico 4": {
        "méxico": 0.00022330293722916394,
        " ": 0.00021835928782820702,
        "mil": 0.00021562393521890044,
        "gobierno": 0.00021529346122406423,
        "año": 0.00020977345411665738,
        "tiempo": 0.00020744350331369787,
        "pueblo": 0.00020564356236718595,
        "país": 0.00020461184612940997,
        "caso": 0.0002043972781393677,
        "decir": 0.00020303926430642605
    },
    "Tópico 5": {
        "país": 0.0002202504692832008,
        "mil": 0.00021907631889916956,
        "pueblo": 0.00021836653468199074,
        " ": 0.00021820359688717872,
        "caso": 0.00021512551757041365,
        "gobierno": 0.00021369649039115757,
        "méxico": 0.00021340131934266537,
        "presidente": 0.00021197482419665903,
        "querer": 0.00020831049187108874,
        "decir": 0.00020641884475480765
    },
    "Tópico 6": {
        "mil": 0.00068691122578457,
        "gobierno": 0.0005343093653209507,
        "pueblo": 0.0005235302378423512,
        "méxico": 0.0005135626997798681,
        "país": 0.0005044325953349471,
        "presidente": 0.0004647480964194983,
        " ": 0.0004621284024324268,
        "decir": 0.0004255112144164741,
        "tener": 0.0004201366100460291,
        "año": 0.00041828645044006407
    },
    "Tópico 7": {
        "méxico": 0.0002416888455627486,
        "mil": 0.0002269914111820981,
        "gobierno": 0.00022467132657766342,
        "pueblo": 0.00022206472931429744,
        " ": 0.00021104428742546588,
        "caso": 0.00020988388860132545,
        "país": 0.0002094056544592604,
        "ayudar": 0.0002087935572490096,
        "presidente": 0.00020803035295102745,
        "gente": 0.0002054583455901593
    },
    "Tópico 8": {
        "méxico": 0.00024169942480511963,
        "mil": 0.0002367877896176651,
        "gobierno": 0.0002360589714953676,
        "presidente": 0.00023158748808782548,
        "pueblo": 0.00022911936684977263,
        "decir": 0.0002286352391820401,
        "caso": 0.00021969460067339242,
        "año": 0.0002182605239795521,
        "país": 0.0002157461567549035,
        "tiempo": 0.00021400990954134613
    },
    "Tópico 9": {
        "gobierno": 0.00025895569706335664,
        "méxico": 0.00025837321300059557,
        "pueblo": 0.00023562305432278663,
        "mil": 0.0002318873448530212,
        "tiempo": 0.0002298416948178783,
        "país": 0.00022366244229488075,
        "año": 0.0002194582630181685,
        " ": 0.00021909088536631316,
        "caso": 0.00021772494073957205,
        "gente": 0.00021732850291300565
    }
}