{
    "Tópico 0": {
        "gobierno": 0.00774553045630455,
        "pueblo": 0.0066943722777068615,
        "gente": 0.006192007102072239,
        "caso": 0.005951658822596073,
        "decir": 0.0055792490020394325,
        "méxico": 0.005208098795264959,
        "mil": 0.005011210683733225,
        "tiempo": 0.004639016464352608,
        "país": 0.004551698453724384,
        "público": 0.004289375152438879
    },
    "Tópico 1": {
        "gobierno": 0.0002282903005834669,
        "pueblo": 0.000212647850275971,
        "caso": 0.00020753902208525687,
        "tiempo": 0.00020414260507095605,
        "gente": 0.00019832581165246665,
        "año": 0.00019630242604762316,
        "país": 0.00019291970238555223,
        "decir": 0.00019128654093947262,
        "mil": 0.000190362537978217,
        "méxico": 0.00018820357217919081
    },
    "Tópico 2": {
        "pueblo": 0.000215535779716447,
        "gobierno": 0.00020236746058799326,
        "decir": 0.0001932332816068083,
        "público": 0.00019034159777220339,
        "caso": 0.0001889653503894806,
        "millón": 0.0001881441130535677,
        "méxico": 0.00018735551566351205,
        "gente": 0.00018402753630653024,
        "tiempo": 0.00018299848306924105,
        "país": 0.0001818791643017903
    },
    "Tópico 3": {
        "pueblo": 0.0002011900651268661,
        "decir": 0.00019614580378402025,
        "gente": 0.00019472415442578495,
        "gobierno": 0.00019407384388614446,
        "caso": 0.0001902122312458232,
        "público": 0.00018610777624417096,
        "méxico": 0.00018486373301129788,
        "país": 0.0001809373643482104,
        "año": 0.00018088353681378067,
        "querer": 0.00017957929230760783
    },
    "Tópico 4": {
        "gobierno": 0.00026708992663770914,
        "gente": 0.0002464169228915125,
        "decir": 0.00024374811619054526,
        "pueblo": 0.0002382411912549287,
        "mil": 0.00022886760416440666,
        "méxico": 0.00022586352133657783,
        "querer": 0.00022285072191152722,
        "caso": 0.00022074754815548658,
        "millón": 0.00021567851945292205,
        "tiempo": 0.00021517394634429365
    },
    "Tópico 5": {
        "pueblo": 0.00022795078984927386,
        "gobierno": 0.0002262411726405844,
        "decir": 0.00021503795869648457,
        "tiempo": 0.00020215654512867332,
        "caso": 0.0001992636825889349,
        "mil": 0.00019752257503569126,
        "querer": 0.0001964864059118554,
        "hablar": 0.00019531026191543788,
        "gente": 0.00019376461568754166,
        "méxico": 0.0001933249004650861
    },
    "Tópico 6": {
        "pueblo": 0.0003198444319423288,
        "gente": 0.0003170093987137079,
        "caso": 0.0002824658004101366,
        "decir": 0.0002732931461650878,
        "gobierno": 0.00026044307742267847,
        "año": 0.00025589129654690623,
        "país": 0.0002552494697738439,
        "ayudar": 0.00024622789351269603,
        "querer": 0.000246208073804155,
        "tiempo": 0.00024529173970222473
    },
    "Tópico 7": {
        "gobierno": 0.00028223529807291925,
        "gente": 0.0002520411217119545,
        "caso": 0.00023346311354544014,
        "pueblo": 0.00022606237325817347,
        "méxico": 0.00022426689974963665,
        "mil": 0.00022354436805471778,
        "decir": 0.00022162857931107283,
        "año": 0.0002161356678698212,
        "país": 0.00020656021661125124,
        "hablar": 0.0002050024486379698
    },
    "Tópico 8": {
        "gobierno": 0.00022175807680469006,
        "pueblo": 0.00021627667592838407,
        "caso": 0.00020567607134580612,
        "mil": 0.00019803970644716173,
        "méxico": 0.00019294279627501965,
        "hablar": 0.0001926339027704671,
        "querer": 0.0001918430207297206,
        "tiempo": 0.00019160319061484188,
        "país": 0.00018931359227281064,
        "decir": 0.00018882923177443445
    },
    "Tópico 9": {
        "gobierno": 0.0002151451917598024,
        "pueblo": 0.00021083399769850075,
        "gente": 0.0002016164653468877,
        "decir": 0.00020076509099453688,
        "caso": 0.00019753181550186127,
        "méxico": 0.00019742376753129065,
        "mil": 0.00019652731134556234,
        "público": 0.00019115011673420668,
        "tiempo": 0.00019099439668934792,
        "país": 0.0001908831618493423
    }
}