{
    "Tópico 0": {
        "caso": 0.0002721906639635563,
        "gobierno": 0.0002661678590811789,
        "año": 0.00025088986149057746,
        "méxico": 0.0002465349098201841,
        "decir": 0.00024413829669356346,
        "mil": 0.00024255740572698414,
        "gente": 0.00024207083333749324,
        "ayudar": 0.00023855976178310812,
        "país": 0.0002360443031648174,
        " ": 0.00023367846733890474
    },
    "Tópico 1": {
        "gobierno": 0.0002550364879425615,
        "méxico": 0.00023668707581236959,
        "corrupción": 0.00023424516257364303,
        "mil": 0.00023368098482023925,
        "decir": 0.00023215613327920437,
        "gente": 0.00023150132619775832,
        "año": 0.00022582132078241557,
        "caso": 0.0002249078097520396,
        "ayudar": 0.00022474548313766718,
        "pueblo": 0.00022189794981386513
    },
    "Tópico 2": {
        "gobierno": 0.00029814665322192013,
        "caso": 0.0002856546198017895,
        "año": 0.00027557715657167137,
        "méxico": 0.00025310920318588614,
        "corrupción": 0.000253059173701331,
        "decir": 0.0002473516797181219,
        "mil": 0.00024480005959048867,
        "público": 0.00024362308613490313,
        "ayudar": 0.00024304397811647505,
        "tiempo": 0.0002428585576126352
    },
    "Tópico 3": {
        "gobierno": 0.0002560484572313726,
        "méxico": 0.0002529353660065681,
        "caso": 0.00023916889040265232,
        "mil": 0.0002380882069701329,
        "gente": 0.00023766502272337675,
        "público": 0.0002360627695452422,
        "ayudar": 0.00023479139781557024,
        " ": 0.00023335138394031674,
        "tiempo": 0.00023124722065404058,
        "pueblo": 0.0002311390417162329
    },
    "Tópico 4": {
        "méxico": 0.0002834923507180065,
        "gobierno": 0.0002655278949532658,
        "año": 0.0002465535653755069,
        "caso": 0.0002433301997371018,
        "importante": 0.00023917382350191474,
        "pueblo": 0.0002381422382313758,
        "corrupción": 0.00023648834030609578,
        " ": 0.00023608266201335937,
        "ayudar": 0.00023551753838546574,
        "decir": 0.00023535831132903695
    },
    "Tópico 5": {
        "gobierno": 0.007352606393396854,
        "caso": 0.006349701900035143,
        "año": 0.005992939695715904,
        "méxico": 0.00566876633092761,
        "mil": 0.0048921313136816025,
        "decir": 0.004827542696148157,
        "pueblo": 0.004600894637405872,
        "gente": 0.004535752814263105,
        "país": 0.00447138911113143,
        "corrupción": 0.0044386605732142925
    },
    "Tópico 6": {
        "año": 0.00029429025016725063,
        "gobierno": 0.000281337124761194,
        "país": 0.0002767671539913863,
        "caso": 0.0002743070072028786,
        "méxico": 0.0002681399346329272,
        "mil": 0.0002617728023324162,
        "corrupción": 0.00025479006581008434,
        "querer": 0.00025468243984505534,
        "gente": 0.0002538695989642292,
        "tiempo": 0.000253415375482291
    },
    "Tópico 7": {
        "año": 0.0002706743835005909,
        "gobierno": 0.00026828350382857025,
        "corrupción": 0.00025543596711941063,
        "gente": 0.0002517661196179688,
        "decir": 0.00024935026885941625,
        "méxico": 0.000246210431214422,
        "caso": 0.00024384903372265399,
        "pueblo": 0.00024136588035617024,
        "mil": 0.00023964523279573768,
        "país": 0.00023752625565975904
    },
    "Tópico 8": {
        "gobierno": 0.00023908770526759326,
        "caso": 0.00022988335695117712,
        "pueblo": 0.00022949292906560004,
        "méxico": 0.00022689710021950305,
        "año": 0.0002259955945191905,
        "mil": 0.00022422289475798607,
        "decir": 0.00022228123270906508,
        "gente": 0.0002221858303528279,
        "tiempo": 0.0002209275116911158,
        "país": 0.0002204709453508258
    },
    "Tópico 9": {
        "gobierno": 0.0002506788005121052,
        "empresa": 0.0002328141563339159,
        "año": 0.00023156763927545398,
        "ayudar": 0.0002312960714334622,
        "decir": 0.00022986553085502237,
        "caso": 0.00022901648480910808,
        "mil": 0.000226416508667171,
        "pueblo": 0.00022624374832957983,
        "querer": 0.00022605867707170546,
        "méxico": 0.00022493947471957654
    }
}