{
    "Tópico 0": {
        " ": 0.0005963200237601995,
        "pueblo": 0.0003035222180187702,
        "méxico": 0.00023126396990846843,
        "hablar": 0.00022756367980036885,
        "año": 0.00022453728888649493,
        "gente": 0.00021768022270407528,
        "decir": 0.0002167397760786116,
        "presidente": 0.00021390536858234555,
        "país": 0.00021030689822509885,
        "mil": 0.0002076654927805066
    },
    "Tópico 1": {
        " ": 0.0004042504879180342,
        "pueblo": 0.00021374037896748632,
        "méxico": 0.00020847450650762767,
        "querer": 0.00020218155987095088,
        "gente": 0.00019768968923017383,
        "presidente": 0.00019537258776836097,
        "tren": 0.00019001777400262654,
        "mil": 0.00018982680921908468,
        "año": 0.00018697961058933288,
        "gobierno": 0.00018532936519477516
    },
    "Tópico 2": {
        " ": 0.00036042483407072723,
        "pueblo": 0.00022343324963003397,
        "méxico": 0.00021938416466582566,
        "gente": 0.00020016342750750482,
        "hablar": 0.0001928588026203215,
        "mil": 0.0001922424416989088,
        "país": 0.00019203271949663758,
        "gobierno": 0.00018885164172388613,
        "querer": 0.00018644709780346602,
        "año": 0.0001855525333667174
    },
    "Tópico 3": {
        " ": 0.0003552875423338264,
        "pueblo": 0.0002210880338679999,
        "méxico": 0.0002185265620937571,
        "año": 0.00019004322530236095,
        "mil": 0.00018573268607724458,
        "país": 0.0001847757084760815,
        "tren": 0.0001843401842052117,
        "gobierno": 0.0001826619845815003,
        "presidente": 0.00018206183449365199,
        "caso": 0.00017953796486835927
    },
    "Tópico 4": {
        " ": 0.028326621279120445,
        "pueblo": 0.008343517780303955,
        "méxico": 0.00822947733104229,
        "gobierno": 0.005433356389403343,
        "gente": 0.005227140616625547,
        "mil": 0.004952175542712212,
        "presidente": 0.00490579754114151,
        "año": 0.004768339451402426,
        "querer": 0.004654253367334604,
        "país": 0.004470582585781813
    },
    "Tópico 5": {
        " ": 0.0005521968705579638,
        "pueblo": 0.00024961199960671365,
        "méxico": 0.00024335230409633368,
        "gobierno": 0.0002265262883156538,
        "mil": 0.0002218014415120706,
        "año": 0.00021191118867136538,
        "gente": 0.00021125681814737618,
        "tren": 0.00021101684251334518,
        "querer": 0.00020798345212824643,
        "importante": 0.0002027129812631756
    },
    "Tópico 6": {
        " ": 0.00037606694968417287,
        "pueblo": 0.0002057397796306759,
        "méxico": 0.00020533926726784557,
        "gente": 0.00018940676818601787,
        "presidente": 0.00018850518972612917,
        "país": 0.00018491179798729718,
        "mil": 0.00018260182696394622,
        "año": 0.0001818362798076123,
        "decir": 0.0001816225703805685,
        "importante": 0.00018086658383253962
    },
    "Tópico 7": {
        " ": 0.0004920833744108677,
        "pueblo": 0.00023254475672729313,
        "méxico": 0.00022792399977333844,
        "país": 0.00021466388716362417,
        "presidente": 0.00021093104442115873,
        "año": 0.00020997755927965045,
        "gobierno": 0.00020935636712238193,
        "querer": 0.00020435407350305468,
        "hablar": 0.00020264358317945153,
        "millón": 0.0001985665294341743
    },
    "Tópico 8": {
        " ": 0.00035981828114017844,
        "méxico": 0.00022007423103787005,
        "pueblo": 0.0002099142293445766,
        "gobierno": 0.00019831437384709716,
        "presidente": 0.00019318227714393288,
        "año": 0.00018598065071273595,
        "querer": 0.00018324499251320958,
        "gente": 0.00018298618670087308,
        "mil": 0.00018235320749226958,
        "entregar": 0.0001807502267183736
    },
    "Tópico 9": {
        " ": 0.0005596810369752347,
        "méxico": 0.0002976687392219901,
        "pueblo": 0.00025748598272912204,
        "gobierno": 0.00024205740191973746,
        "presidente": 0.00023964133288245648,
        "gente": 0.00022628148144576699,
        "tren": 0.0002251529658678919,
        "país": 0.0002182540629291907,
        "hablar": 0.00021501151786651462,
        "mil": 0.00021487257617991418
    }
}